# Alias OBJ Model File
# Exported from SketchUp, (c) 2000-2012 Trimble Navigation Limited
# File units = inches

mtllib room 1.mtl

g Mesh1 tv1 Model

usemtl M_0135_DarkGray
v 114.591 63.3583 -2.89688
vt 3.1875 -1.80364
vn 0.921605 -0.38813 1.53478e-16
v 118.751 73.2369 -2.89688
vt 3.1875 13.5091
v 118.751 73.2369 -1.67188
vt 1.4375 13.5091
v 114.591 63.3583 -1.67188
vt 1.4375 -1.80364
f 1/1/1 2/2/1 3/3/1 4/4/1 

usemtl M_0109_DarkSlateBlue
vt -38.1563 14.1123
vn -1.66533e-16 0 1
v 141.3 53.4797 -2.89688
vt 0 0
vt -32.2129 28.2246
f 1/5/2 5/6/2 2/7/2

v 70.075 53.4797 -2.89688
vt -101.75 0
f 5/6/2 1/5/2 6/8/2

v 96.7844 63.3583 -2.89688
vt -63.5938 14.1123
f 6/8/2 1/5/2 7/9/2

usemtl M_0135_DarkGray
vt -3.1875 63.5938
vn 0 -1 -0
vt -3.1875 38.1563
vt -1.4375 38.1563
v 96.7844 63.3583 -1.67188
vt -1.4375 63.5938
f 7/10/3 1/11/3 4/12/3 8/13/3 

v 106.299 65.1629 -1.67188
vt -50.0019 16.6903
f 4/5/2 9/14/2 8/9/2

v 107.089 65.4279 -1.67188
vt -48.8726 17.0688
f 9/14/2 4/5/2 10/15/2

v 107.784 65.8884 -1.67188
vt -47.8798 17.7268
f 10/15/2 4/5/2 11/16/2

v 108.336 66.5132 -1.67188
vt -47.0911 18.6193
f 11/16/2 4/5/2 12/17/2

v 108.708 67.2595 -1.67188
vt -46.5602 19.6855
f 12/17/2 4/5/2 13/18/2

v 108.874 68.0766 -1.67188
vt -46.3234 20.8528
f 13/18/2 4/5/2 14/19/2

v 108.86 68.2976 -1.67188
vt -46.3429 21.1684
f 4/5/2 15/20/2 14/19/2

v 108.822 68.9088 -1.67188
vt -46.3968 22.0416
f 4/5/2 16/21/2 15/20/2

v 108.557 69.6993 -1.67188
vt -46.7754 23.1709
f 4/5/2 17/22/2 16/21/2

v 108.097 70.3943 -1.67188
vt -47.4334 24.1637
f 4/5/2 18/23/2 17/22/2

f 3/7/2 18/23/2 4/5/2

v 107.472 70.9464 -1.67188
vt -48.3258 24.9524
f 18/23/2 3/7/2 19/24/2

v 106.726 71.3179 -1.67188
vt -49.3921 25.4832
f 19/24/2 3/7/2 20/25/2

v 105.908 71.4837 -1.67188
vt -50.5593 25.72
f 20/25/2 3/7/2 21/26/2

v 92.624 73.2369 -1.67188
vt -69.5371 28.2246
f 21/26/2 3/7/2 22/27/2

usemtl M_0137_Black
v 92.624 73.2369 -0.665625
vt 0 69.5371
vt -1.4375 69.5371
vt -1.4375 32.2129
v 118.751 73.2369 -0.665625
vt 0 32.2129
f 23/28/3 22/29/3 3/30/3 24/31/3 

v 92.624 76.0287 -2.89688
vt -3.1875 32.2129
vn -1 0 -1.66533e-16
v 92.624 73.2369 -2.89688
vt -3.1875 28.2246
vt -1.4375 28.2246
vt 0 28.2246
v 92.624 76.0287 -0.665625
f 25/32/4 26/33/4 22/34/4 23/35/4 27/31/4 

usemtl M_0109_DarkSlateBlue
vt -69.5371 32.2129
v 70.075 95.7859 -2.89688
vt -101.75 60.4375
f 25/36/2 28/37/2 26/27/2

v 118.751 76.0287 -2.89688
vt -32.2129 32.2129
f 29/38/2 28/37/2 25/36/2

v 141.3 95.7859 -2.89688
vt 0 60.4375
f 29/38/2 30/39/2 28/37/2

f 30/39/2 29/38/2 5/6/2

f 2/7/2 5/6/2 29/38/2

usemtl M_0137_Black
vt 3.1875 28.2246
vn 1 0 1.66533e-16
vt 3.1875 32.2129
v 118.751 76.0287 -0.665625
vt 1.4375 28.2246
f 2/40/5 29/41/5 31/31/5 24/35/5 3/42/5 

vn 0 1 -0
vt 3.1875 69.5371
f 29/41/6 25/43/6 27/28/6 31/31/6 

f 31/38/2 27/36/2 23/27/2 24/7/2 

usemtl M_0109_DarkSlateBlue
vt 3.1875 0
v 141.3 53.4797 -3.77188
vt 4.4375 0
v 141.3 95.7859 -3.77188
vt 4.4375 60.4375
vt 3.1875 60.4375
f 5/44/5 32/45/5 33/46/5 30/47/5 

vt -3.1875 0
vt -3.1875 101.75
v 70.075 53.4797 -3.77188
vt -4.4375 101.75
vt -4.4375 0
f 5/48/3 6/49/3 34/50/3 32/51/3 

vt -3.1875 60.4375
v 70.075 95.7859 -3.77188
vt -4.4375 60.4375
f 34/51/4 6/48/4 28/52/4 35/53/4 

f 6/8/2 26/27/2 28/37/2

f 6/8/2 7/9/2 26/27/2

usemtl M_0135_DarkGray
vt -3.1875 53.0013
vn -0.921605 -0.38813 -1.53478e-16
vt -3.1875 37.6886
vt -1.4375 37.6886
vt -1.4375 53.0013
f 26/54/7 7/55/7 8/56/7 22/57/7 

v 102.501 68.5186 -1.67188
vt -55.4266 21.4841
f 36/58/2 22/27/2 8/9/2

v 102.667 69.3357 -1.67188
vt -55.1898 22.6514
f 37/59/2 22/27/2 36/58/2

v 103.039 70.082 -1.67188
vt -54.6589 23.7176
f 38/60/2 22/27/2 37/59/2

v 103.591 70.7068 -1.67188
vt -53.8702 24.6101
f 39/61/2 22/27/2 38/60/2

v 104.286 71.1673 -1.67188
vt -52.8774 25.268
f 40/62/2 22/27/2 39/61/2

v 105.076 71.4323 -1.67188
vt -51.7481 25.6466
f 41/63/2 22/27/2 40/62/2

f 21/26/2 22/27/2 41/63/2

usemtl M_0137_Black
vt -1.4375 -48.8784
vn 0.0691857 0.997604 1.15217e-17
vt -1.4375 -50.0695
vn -0.191371 0.981518 -3.18696e-17
v 105.076 71.4323 -0.796875
vt -0.1875 -50.0695
v 105.908 71.4837 -0.796875
vt -0.1875 -48.8784
f 21/64/8 41/65/9 42/66/9 43/67/8 

vt -1.4375 -40.9129
vt -1.4375 -42.1039
vn -0.438885 0.898543 -7.30891e-17
v 104.286 71.1673 -0.796875
vt -0.1875 -42.1039
vt -0.1875 -40.9129
f 41/68/9 40/69/10 44/70/10 42/71/9 

vt -1.4375 -30.1186
vt -1.4375 -31.3097
vn -0.656491 0.754334 -1.09328e-16
v 103.591 70.7068 -0.796875
vt -0.1875 -31.3097
vt -0.1875 -30.1186
f 40/72/10 39/73/11 45/74/11 44/75/10 

vt -1.4375 -17.2312
vt -1.4375 -18.4223
vn -0.829357 0.558719 -1.38116e-16
v 103.039 70.082 -0.796875
vt -0.1875 -18.4223
vt -0.1875 -17.2312
f 39/76/11 38/77/12 46/78/12 45/79/11 

vt -1.4375 -3.12897
vt -1.4375 -4.32002
vn -0.945705 0.325027 -1.57491e-16
v 102.667 69.3357 -0.796875
vt -0.1875 -4.32002
vt -0.1875 -3.12897
f 38/80/12 37/81/13 47/82/13 46/83/12 

vt -1.4375 11.2271
vt -1.4375 10.036
vn -0.997604 0.0691857 -1.66134e-16
v 102.501 68.5186 -0.796875
vt -0.1875 10.036
vt -0.1875 11.2271
f 37/84/13 36/85/14 48/86/14 47/87/13 

vt -1.4375 24.8586
v 102.515 68.2976 -1.67188
vt -1.4375 24.5424
vn -0.9981 -0.0616196 -1.66217e-16
v 102.515 68.2976 -0.796875
vt -0.1875 24.5424
vt -0.1875 24.8586
f 36/88/14 49/89/15 50/90/15 48/91/14 

usemtl M_0135_DarkGray
vt -55.4071 21.1684
f 8/9/2 49/92/2 36/58/2

v 102.553 67.6864 -1.67188
vt -55.3532 20.2953
f 8/9/2 51/93/2 49/92/2

v 102.818 66.8959 -1.67188
vt -54.9746 19.166
f 8/9/2 52/94/2 51/93/2

v 103.278 66.2009 -1.67188
vt -54.3166 18.1732
f 8/9/2 53/95/2 52/94/2

v 103.903 65.6488 -1.67188
vt -53.4242 17.3845
f 8/9/2 54/96/2 53/95/2

v 104.649 65.2773 -1.67188
vt -52.3579 16.8537
f 8/9/2 55/97/2 54/96/2

v 105.467 65.1115 -1.67188
vt -51.1907 16.6169
f 8/9/2 56/98/2 55/97/2

f 8/9/2 9/14/2 56/98/2

usemtl M_0137_Black
vt 1.4375 -50.0695
vn -0.0691857 -0.997604 -1.15217e-17
vt 1.4375 -48.8784
vn 0.191371 -0.981518 3.18696e-17
v 106.299 65.1629 -0.796875
vt 0.1875 -48.8784
v 105.467 65.1115 -0.796875
vt 0.1875 -50.0695
f 56/99/16 9/100/17 57/101/17 58/102/16 

vt 1.4375 -42.1039
vt 1.4375 -40.9129
vn 0.438885 -0.898543 7.30891e-17
v 107.089 65.4279 -0.796875
vt 0.1875 -40.9129
vt 0.1875 -42.1039
f 9/103/17 10/104/18 59/105/18 57/106/17 

vt 1.4375 -31.3097
vt 1.4375 -30.1186
vn 0.656491 -0.754334 1.09328e-16
v 107.784 65.8884 -0.796875
vt 0.1875 -30.1186
vt 0.1875 -31.3097
f 10/107/18 11/108/19 60/109/19 59/110/18 

vt 1.4375 -18.4223
vt 1.4375 -17.2312
vn 0.829357 -0.558719 1.38116e-16
v 108.336 66.5132 -0.796875
vt 0.1875 -17.2312
vt 0.1875 -18.4223
f 11/111/19 12/112/20 61/113/20 60/114/19 

vt 1.4375 -4.32002
vt 1.4375 -3.12897
vn 0.945705 -0.325027 1.57491e-16
v 108.708 67.2595 -0.796875
vt 0.1875 -3.12897
vt 0.1875 -4.32002
f 12/115/20 13/116/21 62/117/21 61/118/20 

vt 1.4375 10.036
vt 1.4375 11.2271
vn 0.997604 -0.0691857 1.66134e-16
v 108.874 68.0766 -0.796875
vt 0.1875 11.2271
vt 0.1875 10.036
f 13/119/21 14/120/22 63/121/22 62/122/21 

vt 1.4375 23.6676
vt 1.4375 23.9838
vn 0.9981 0.0616196 1.66217e-16
v 108.86 68.2976 -0.796875
vt 0.1875 23.9838
vt 0.1875 23.6676
f 14/123/22 15/124/23 64/125/23 63/126/22 

vt 1.4375 24.8586
vn 0.981518 0.191371 1.63456e-16
v 108.822 68.9088 -0.796875
vt 0.1875 24.8586
f 15/124/23 16/127/24 65/128/24 64/125/23 

vt 1.4375 35.6456
vt 1.4375 36.8367
vn 0.898543 0.438885 1.49637e-16
v 108.557 69.6993 -0.796875
vt 0.1875 36.8367
vt 0.1875 35.6456
f 16/129/24 17/130/25 66/131/25 65/132/24 

vt 1.4375 45.1539
vt 1.4375 46.345
vn 0.754334 0.656491 1.25622e-16
v 108.097 70.3943 -0.796875
vt 0.1875 46.345
vt 0.1875 45.1539
f 17/133/25 18/134/26 67/135/26 66/136/25 

vt 1.4375 51.5444
vt 1.4375 52.7355
vn 0.558719 0.829357 9.30453e-17
v 107.472 70.9464 -0.796875
vt 0.1875 52.7355
vt 0.1875 51.5444
f 18/137/26 19/138/27 68/139/27 67/140/26 

vt 1.4375 54.3817
vt 1.4375 55.5728
vn 0.325027 0.945705 5.41279e-17
v 106.726 71.3179 -0.796875
vt 0.1875 55.5728
vt 0.1875 54.3817
f 19/141/27 20/142/28 69/143/28 68/144/27 

vt 1.4375 53.4724
vt 1.4375 54.6634
vt 0.1875 54.6634
vt 0.1875 53.4724
f 20/145/28 21/146/8 43/147/8 69/148/28 

v 102.553 67.6864 -0.796875
v 102.818 66.8959 -0.796875
v 103.278 66.2009 -0.796875
v 103.903 65.6488 -0.796875
v 104.649 65.2773 -0.796875
f 48/58/2 50/92/2 70/93/2 71/94/2 72/95/2 73/96/2 74/97/2 58/98/2 57/14/2 59/15/2 60/16/2 61/17/2 62/18/2 63/19/2 64/20/2 65/21/2 66/22/2 67/23/2 68/24/2 69/25/2 43/26/2 42/63/2 44/62/2 45/61/2 46/60/2 47/59/2 

vt -1.4375 23.6676
vn -0.981518 -0.191371 -1.63456e-16
vt -0.1875 23.6676
f 49/89/15 51/149/29 70/150/29 50/90/15 

vt -1.4375 36.8367
vt -1.4375 35.6456
vn -0.898543 -0.438885 -1.49637e-16
vt -0.1875 35.6456
vt -0.1875 36.8367
f 51/151/29 52/152/30 71/153/30 70/154/29 

vt -1.4375 46.345
vt -1.4375 45.1539
vn -0.754334 -0.656491 -1.25622e-16
vt -0.1875 45.1539
vt -0.1875 46.345
f 52/155/30 53/156/31 72/157/31 71/158/30 

vt -1.4375 52.7355
vt -1.4375 51.5444
vn -0.558719 -0.829357 -9.30453e-17
vt -0.1875 51.5444
vt -0.1875 52.7355
f 53/159/31 54/160/32 73/161/32 72/162/31 

vt -1.4375 55.5728
vt -1.4375 54.3817
vn -0.325027 -0.945705 -5.41279e-17
vt -0.1875 54.3817
vt -0.1875 55.5728
f 54/163/32 55/164/33 74/165/33 73/166/32 

vt -1.4375 54.6634
vt -1.4375 53.4724
vt -0.1875 53.4724
vt -0.1875 54.6634
f 55/167/33 56/168/16 58/169/16 74/170/33 

usemtl M_0109_DarkSlateBlue
vt 3.1875 101.75
vt 4.4375 101.75
f 28/171/6 30/44/6 33/45/6 35/172/6 

vn 1.66533e-16 0 -1
v 140.664 95.1501 -3.77188
vt 0.908375 59.5291
vt 101.75 60.4375
f 33/39/34 75/173/34 35/174/34

v 140.664 54.1155 -3.77188
vt 0.908375 0.908375
f 75/173/34 33/39/34 76/175/34

f 32/6/34 76/175/34 33/39/34

vt 101.75 0
f 76/175/34 32/6/34 34/176/34

v 70.7109 54.1155 -3.77188
vt 100.842 0.908375
f 76/175/34 34/176/34 77/177/34

v 70.7109 95.1501 -3.77188
vt 100.842 59.5291
f 77/177/34 34/176/34 78/178/34

f 35/174/34 78/178/34 34/176/34

f 35/174/34 75/173/34 78/178/34

usemtl M_0122_DarkOrchid
f 76/175/34 77/177/34 78/178/34 75/173/34 

g Mesh2 speaker1 Model

usemtl M_0089_PaleTurquoise
v 134.8 30.0687 -12.2438
vt -14.5625 1.3125
v 134.8 30.0687 -3.63125
vt -1.3125 1.3125
v 73.7 30.0687 -3.63125
vt -1.3125 95.3125
v 73.7 30.0687 -12.2438
vt -14.5625 95.3125
f 79/179/3 80/180/3 81/181/3 82/182/3 

v 135.021 30.0978 -3.41045
vt 0.9728 -0.95864
vn 0.258819 -0.965926 5.02857e-17
vt 1.3125 -1.30127
vn 0.130526 -0.991445 2.53598e-17
vt 14.5625 -1.30127
v 135.021 30.0978 -12.4646
vt 14.9022 -0.95864
f 83/183/35 80/184/36 79/185/36 84/186/35 

v 73.4792 30.0978 -3.41045
vt -95.6522 -0.95864
vn -5.02857e-17 -0.965926 0.258819
vt -95.3125 -1.30127
vn -2.53598e-17 -0.991445 0.130526
vt -1.3125 -1.30127
vt -0.9728 -0.95864
f 85/187/37 81/188/38 80/189/38 83/190/37 

v 73.4792 30.0978 -12.4646
vt -14.9022 94.8397
vn -0.258819 -0.965926 -5.02857e-17
vt -14.5625 94.4971
vn -0.130526 -0.991445 -2.53598e-17
vt -1.3125 94.4971
vt -0.9728 94.8397
f 86/191/39 82/192/40 81/193/40 85/194/39 

vt 0.9728 14.7805
vn 5.02857e-17 -0.965926 -0.258819
vt 1.3125 14.4379
vn 2.53598e-17 -0.991445 -0.130526
vt 95.3125 14.4379
vt 95.6522 14.7805
f 84/195/41 79/196/42 82/197/42 86/198/41 

v 135.227 30.183 -12.6703
vt 0.65625 14.1276
vn 9.71445e-17 -0.866025 -0.5
vt 0.9728 13.785
vt 95.6522 13.785
v 73.2734 30.183 -12.6703
vt 95.9687 14.1276
f 87/199/43 84/200/41 86/201/41 88/202/43 

v 135.227 30.183 -3.20469
vt 0.65625 -0.539004
vn 0.5 -0.866025 9.71445e-17
vt 0.9728 -0.881636
vt 14.9022 -0.881636
vt 15.2188 -0.539004
f 89/203/44 83/204/35 84/205/35 87/206/44 

v 73.2734 30.183 -3.20469
vt -95.9687 -0.539004
vn -9.71445e-17 -0.866025 0.5
vt -95.6522 -0.881636
vt -0.9728 -0.881636
vt -0.65625 -0.539004
f 90/207/45 85/208/37 83/209/37 89/210/45 

vt -15.2188 88.7309
vn -0.5 -0.866025 -9.71445e-17
vt -14.9022 88.3882
vt -0.9728 88.3882
vt -0.65625 88.7309
f 88/211/46 86/212/39 85/213/39 90/214/46 

v 73.0967 30.3186 -12.847
vt -15.4906 76.5868
vn -0.707107 -0.707107 -1.37383e-16
vt -15.2188 76.2442
vt -0.65625 76.2442
v 73.0967 30.3186 -3.028
vt -0.384422 76.5868
f 91/215/47 88/216/46 90/217/46 92/218/47 

v 135.403 30.3186 -12.847
vt 0.384422 12.5235
vn 1.37383e-16 -0.707107 -0.707107
vt 0.65625 12.1809
vt 95.9687 12.1809
vt 96.2406 12.5235
f 93/219/48 87/220/43 88/221/43 91/222/48 

v 135.403 30.3186 -3.028
vt 0.384422 -0.0709613
vn 0.707107 -0.707107 1.37383e-16
vt 0.65625 -0.413593
vt 15.2188 -0.413593
vt 15.4906 -0.0709613
f 94/223/49 89/224/44 87/225/44 93/226/49 

vt -96.2406 -0.0709613
vn -1.37383e-16 -0.707107 0.707107
vt -95.9687 -0.413593
vt -0.65625 -0.413593
vt -0.384422 -0.0709613
f 92/227/50 90/228/45 89/229/45 94/230/50 

v 72.9612 30.4953 -2.89242
vt -96.4492 0.413593
vn -1.68259e-16 -0.5 0.866025
vt -96.2406 0.0709613
vt -0.384422 0.0709613
v 135.539 30.4953 -2.89242
vt -0.175842 0.413593
f 95/231/51 92/232/50 94/233/50 96/234/51 

v 72.9612 30.4953 -12.9826
vt -15.6992 59.2352
vn -0.866025 -0.5 -1.68259e-16
vt -15.4906 58.8925
vt -0.384422 58.8925
vt -0.175842 59.2352
f 97/235/52 91/236/47 92/237/47 95/238/52 

v 135.539 30.4953 -12.9826
vt 0.175842 10.0777
vn 1.68259e-16 -0.5 -0.866025
vt 0.384422 9.73505
vt 96.2406 9.73505
vt 96.4492 10.0777
f 98/239/53 93/240/48 91/241/48 97/242/53 

vt 0.175842 0.413593
vn 0.866025 -0.5 1.68259e-16
vt 0.384422 0.0709613
vt 15.4906 0.0709613
vt 15.6992 0.413593
f 96/243/54 94/244/49 93/245/49 98/246/54 

v 135.624 30.7011 -2.80719
vt 0.0447224 0.881636
vn 0.965926 -0.258819 1.87669e-16
vt 0.175842 0.539004
vt 15.6992 0.539004
v 135.624 30.7011 -13.0678
vt 15.8303 0.881636
f 99/247/55 96/248/54 98/249/54 100/250/55 

v 72.8759 30.7011 -2.80719
vt -96.5803 0.881636
vn -1.87669e-16 -0.258819 0.965926
vt -96.4492 0.539004
vt -0.175842 0.539004
vt -0.0447224 0.881636
f 101/251/56 95/252/51 96/253/51 99/254/56 

v 72.8759 30.7011 -13.0678
vt -15.8303 37.8584
vn -0.965926 -0.258819 -1.87669e-16
vt -15.6992 37.5158
vt -0.175842 37.5158
vt -0.0447224 37.8584
f 102/255/57 97/256/52 95/257/52 101/258/57 

vt 0.0447224 6.95673
vn 1.87669e-16 -0.258819 -0.965926
vt 0.175842 6.6141
vt 96.4492 6.6141
vt 96.5803 6.95673
f 100/259/58 98/260/53 97/261/53 102/262/58 

v 135.653 30.9219 -13.0969
vt 0 3.37337
vn 1.94289e-16 5.59902e-17 -1
vt 0.0447224 3.03074
vt 96.5803 3.03074
v 72.8469 30.9219 -13.0969
vt 96.625 3.37337
f 103/263/59 100/264/58 102/265/58 104/266/59 

v 135.653 30.9219 -2.77813
vt 0 1.30127
vn 1 5.59902e-17 1.94289e-16
vt 0.0447224 0.95864
vt 15.8303 0.95864
vt 15.875 1.30127
f 105/267/60 99/268/55 100/269/55 103/270/60 

v 72.8469 30.9219 -2.77813
vt -96.625 1.30127
vn -1.94289e-16 5.59902e-17 1
vt -96.5803 0.95864
vt -0.0447224 0.95864
f 106/271/61 101/272/56 99/273/56 105/267/61 

vt -15.875 13.9134
vn -1 5.59902e-17 -1.94289e-16
vt -15.8303 13.5707
vt -0.0447224 13.5707
vt 0 13.9134
f 104/274/62 102/275/57 101/276/57 106/277/62 

v 72.8759 31.1427 -13.0678
vt -15.8303 -10.9682
vn -0.965926 0.258819 -1.87669e-16
vt -15.875 -11.3108
vt 0 -11.3108
v 72.8759 31.1427 -2.80719
vt -0.0447224 -10.9682
f 107/278/63 104/279/62 106/280/62 108/281/63 

v 135.624 31.1427 -13.0678
vt 0.0447224 -0.428201
vn 1.87669e-16 0.258819 -0.965926
vt 0 -0.770832
vt 96.625 -0.770832
vt 96.5803 -0.428201
f 109/282/64 103/283/59 104/284/59 107/285/64 

v 135.624 31.1427 -2.80719
vt 0.0447224 1.6439
vn 0.965926 0.258819 1.87669e-16
vt 15.8303 1.6439
f 110/286/65 105/267/60 103/270/60 109/287/65 

vt -96.5803 1.6439
vn -1.87669e-16 0.258819 0.965926
vt -0.0447224 1.6439
f 108/288/66 106/271/61 105/267/61 110/289/66 

v 72.9612 31.3484 -2.89242
vt -96.4492 1.88618
vn -1.68259e-16 0.5 0.866025
vt -96.5803 1.54355
vt -0.0447224 1.54355
v 135.539 31.3484 -2.89242
vt -0.175842 1.88618
f 111/290/67 108/291/66 110/292/66 112/293/67 

v 72.9612 31.3484 -12.9826
vt -15.6992 -35.0906
vn -0.866025 0.5 -1.68259e-16
vt -15.8303 -35.4332
vt -0.0447224 -35.4332
vt -0.175842 -35.0906
f 113/294/68 107/295/63 108/296/63 111/297/68 

v 135.539 31.3484 -12.9826
vt 0.175842 -4.18892
vn 1.68259e-16 0.5 -0.866025
vt 0.0447224 -4.53155
vt 96.5803 -4.53155
vt 96.4492 -4.18892
f 114/298/69 109/299/64 107/300/64 113/301/69 

vt 0.175842 1.88618
vn 0.866025 0.5 1.68259e-16
vt 0.0447224 1.54355
vt 15.8303 1.54355
vt 15.6992 1.88618
f 112/302/70 110/303/65 109/304/65 114/305/70 

v 135.403 31.5251 -3.028
vt 0.384422 2.01159
vn 0.707107 0.707107 1.37383e-16
vt 0.175842 1.66896
vt 15.6992 1.66896
v 135.403 31.5251 -12.847
vt 15.4906 2.01159
f 115/306/71 112/307/70 114/308/70 116/309/71 

v 73.0967 31.5251 -3.028
vt -96.2406 2.01159
vn -1.37383e-16 0.707107 0.707107
vt -96.4492 1.66896
vt -0.175842 1.66896
vt -0.384422 2.01159
f 117/310/72 111/311/67 112/312/67 115/313/72 

v 73.0967 31.5251 -12.847
vt -15.4906 -56.81
vn -0.707107 0.707107 -1.37383e-16
vt -15.6992 -57.1526
vt -0.175842 -57.1526
vt -0.384422 -56.81
f 118/314/73 113/315/68 111/316/68 117/317/73 

vt 0.384422 -7.6525
vn 1.37383e-16 0.707107 -0.707107
vt 0.175842 -7.99513
vt 96.4492 -7.99513
vt 96.2406 -7.6525
f 116/318/74 114/319/69 113/320/69 118/321/74 

v 135.227 31.6607 -12.6703
vt 0.65625 -10.5829
vn 9.71445e-17 0.866025 -0.5
vt 0.384422 -10.9255
vt 96.2406 -10.9255
v 73.2734 31.6607 -12.6703
vt 95.9687 -10.5829
f 119/322/75 116/323/74 118/324/74 120/325/75 

v 135.227 31.6607 -3.20469
vt 0.65625 2.01159
vn 0.5 0.866025 9.71445e-17
vt 0.384422 1.66896
vt 15.4906 1.66896
vt 15.2188 2.01159
f 121/326/76 115/327/71 116/328/71 119/329/76 

v 73.2734 31.6607 -3.20469
vt -95.9687 2.01159
vn -9.71445e-17 0.866025 0.5
vt -96.2406 1.66896
vt -0.384422 1.66896
vt -0.65625 2.01159
f 122/330/77 117/331/72 115/332/72 121/333/77 

vt -15.2188 -74.6462
vn -0.5 0.866025 -9.71445e-17
vt -15.4906 -74.9888
vt -0.384422 -74.9888
vt -0.65625 -74.6462
f 120/334/78 118/335/73 117/336/73 122/337/78 

v 73.4792 31.7459 -12.4646
vt -14.9022 -87.3837
vn -0.258819 0.965926 -5.02857e-17
vt -15.2188 -87.7263
vt -0.65625 -87.7263
v 73.4792 31.7459 -3.41045
vt -0.9728 -87.3837
f 123/338/79 120/339/78 122/340/78 124/341/79 

v 135.021 31.7459 -12.4646
vt 0.9728 -12.7804
vn 5.02857e-17 0.965926 -0.258819
vt 0.65625 -13.123
vt 95.9687 -13.123
vt 95.6522 -12.7804
f 125/342/80 119/343/75 120/344/75 123/345/80 

v 135.021 31.7459 -3.41045
vt 0.9728 1.88618
vn 0.258819 0.965926 5.02857e-17
vt 0.65625 1.54355
vt 15.2188 1.54355
vt 14.9022 1.88618
f 126/346/81 121/347/76 119/348/76 125/349/81 

vt -95.6522 1.88618
vn -5.02857e-17 0.965926 0.258819
vt -95.9687 1.54355
vt -0.65625 1.54355
vt -0.9728 1.88618
f 124/350/82 122/351/77 121/352/77 126/353/82 

v 73.7 31.775 -3.63125
vt -95.3125 1.6439
vn -2.53598e-17 0.991445 0.130526
vt -95.6522 1.30127
vt -0.9728 1.30127
v 134.8 31.775 -3.63125
vt -1.3125 1.6439
f 127/354/83 124/355/82 126/356/82 128/357/83 

v 73.7 31.775 -12.2438
vt -14.5625 -94.1545
vn -0.130526 0.991445 -2.53598e-17
vt -14.9022 -94.4971
vt -0.9728 -94.4971
vt -1.3125 -94.1545
f 129/358/84 123/359/79 124/360/79 127/361/84 

v 134.8 31.775 -12.2438
vt 1.3125 -14.0953
vn 2.53598e-17 0.991445 -0.130526
vt 0.9728 -14.4379
vt 95.6522 -14.4379
vt 95.3125 -14.0953
f 130/362/85 125/363/80 123/364/80 129/365/85 

vt 1.3125 1.6439
vn 0.130526 0.991445 2.53598e-17
vt 0.9728 1.30127
vt 14.9022 1.30127
vt 14.5625 1.6439
f 128/366/86 126/367/81 125/368/81 130/369/86 

vt -1.3125 2.625
vn -1 0 -1.94289e-16
vt -14.5625 2.625
v 134.8 31.4906 -12.2438
vt -14.5625 2.1875
v 134.8 31.4906 -3.63125
vt -1.3125 2.1875
f 128/370/87 130/371/87 131/372/87 132/373/87 

vn -1.94289e-16 0 1
vt -95.3125 2.625
v 73.7 31.4906 -12.2438
vt -95.3125 2.1875
f 130/370/88 129/374/88 133/375/88 131/373/88 

vt 14.5625 2.625
vn 1 0 1.94289e-16
vt 1.3125 2.625
v 73.7 31.4906 -3.63125
vt 1.3125 2.1875
vt 14.5625 2.1875
f 129/376/89 127/377/89 134/378/89 133/379/89 

vt 95.3125 2.625
vn 1.94289e-16 0 -1
vt 95.3125 2.1875
f 127/380/90 128/377/90 132/378/90 134/381/90 

usemtl M_0097_DeepSkyBlue
vt 1.3125 1.3125
vt 14.5625 1.3125
vt 14.5625 95.3125
vt 1.3125 95.3125
f 132/382/6 131/383/6 133/384/6 134/385/6 

g Mesh3 Ikea_Dining_Chair1 Component1 Model

usemtl M_0020_Red
v 218.773 51.7749 -7.23486
vt -7.82865 40.0961
vn -0.431671 -0.208327 0.877645
v 218.799 51.4976 -7.28785
vt -7.82865 39.8993
v 218.876 51.2204 -7.31582
vt -7.78928 39.7024
v 219.925 47.6436 -7.64915
vt -7.23809 37.1629
v 221.066 47.6436 -7.08784
vt -6.3549 37.1629
vn -0.394823 -0.208499 0.894787
v 220.615 52.8839 -6.06578
vt -6.32267 40.8835
v 219.687 52.8839 -6.52247
vt -7.04124 40.8835
v 219.427 52.8461 -6.65921
vt -7.24504 40.8567
v 219.192 52.7353 -6.80108
vt -7.43494 40.778
v 218.998 52.5591 -6.93841
vt -7.59802 40.6529
v 218.858 52.3294 -7.06184
vt -7.72315 40.4898
v 218.781 52.0619 -7.16295
vt -7.80182 40.2999
f 135/386/91 136/387/91 137/388/91 138/389/91 139/390/92 140/391/92 141/392/91 142/393/91 143/394/91 144/395/91 145/396/91 146/397/91 

v 219.21 52.0368 -8.12317
vt 22.9783 36.1366
vn -0.902798 0.0633025 -0.425381
v 219.236 51.7595 -8.17616
vt 22.9373 35.9441
vn -0.881821 -0.095371 -0.461839
vt 23.6248 35.7622
vt 23.6658 35.9548
f 147/398/93 148/399/94 136/400/94 135/401/93 

v 220.362 47.9055 -8.53746
vt 7.23809 37.1975
vn 0.431671 0.208327 -0.877645
v 219.313 51.4823 -8.20413
vt 7.78928 39.7371
vt 7.82865 39.9339
vt 7.82865 40.1308
v 219.218 52.3238 -8.05126
vt 7.80182 40.3346
v 219.294 52.5912 -7.95014
vt 7.72315 40.5245
v 219.435 52.8209 -7.82672
vt 7.59802 40.6876
v 219.629 52.9972 -7.68939
vt 7.43494 40.8127
v 219.864 53.1079 -7.54752
vt 7.24504 40.8913
v 220.123 53.1457 -7.41077
vt 7.04124 40.9182
v 221.015 53.1457 -6.97225
vt 6.35126 40.9182
vn 0.394823 0.208499 -0.894787
v 221.466 47.9055 -7.99431
vt 6.38349 37.1975
f 149/402/95 150/403/95 148/404/95 147/405/95 151/406/95 152/407/95 153/408/95 154/409/95 155/410/95 156/411/95 157/412/96 158/413/96 

vt 23.4208 33.6022
vn -0.852904 -0.205279 -0.480017
vt 23.9796 36.1401
vn -0.855334 -0.197552 -0.478934
vt 23.2932 36.3259
vt 22.7344 33.788
f 138/414/97 137/415/98 150/416/98 149/417/97 

vt 23.9513 36.1707
vt 23.9942 36.3668
vt 23.3077 36.552
vt 23.2647 36.3559
f 137/418/98 136/419/94 148/420/94 150/421/98 

vt 6.38349 -13.1159
vn 0.103149 -0.966799 -0.233796
v 221.183 47.7205 -7.35393
vt 6.36329 -13.6182
vn 0.112856 -0.966741 -0.22951
v 221.147 47.7172 -7.35473
vt 6.38628 -13.6291
vn 0.112869 -0.966748 -0.229477
v 221.147 47.6966 -7.27124
vt 6.36069 -13.6831
vt 6.3549 -13.827
vt 7.23809 -13.827
vt 7.23809 -13.1159
f 158/422/99 159/423/100 160/424/101 161/425/100 139/426/99 138/427/101 149/428/101 

v 223.088 47.6849 -6.46279
vt 6.78331 -13.1258
vn 0.083405 -0.966792 -0.241572
v 223.037 47.6436 -6.31444
vt 6.77879 -13.2384
v 223.018 47.6436 -6.32182
vt 6.79283 -13.2384
vn 0.0934168 -0.966741 -0.238087
v 221.147 47.6436 -7.05608
vt 8.18852 -13.2383
vt 8.24889 -13.2383
vt 8.24309 -13.0944
vt 8.24048 -13.0296
vt 8.22024 -12.5272
v 223.36 47.9055 -7.25099
vt 6.80731 -12.5273
v 223.18 47.7601 -6.73103
vt 6.79148 -12.9221
f 162/429/102 163/430/102 164/431/103 165/432/103 139/433/99 161/434/100 159/435/100 158/436/99 166/437/102 167/438/102 

v 225.309 47.9055 -6.66745
vt 7.17317 -11.9089
vn 0.0630723 -0.966796 -0.247645
v 225.065 47.6436 -5.70729
vt 7.14451 -12.62
vt 8.61461 -12.6202
vt 8.61009 -12.5076
vt 8.60193 -12.3039
vt 8.5861 -11.9091
f 168/439/104 169/440/104 163/441/102 162/442/102 167/443/102 166/444/102 

v 227.3 47.9055 -6.24774
vt 7.49091 -11.2638
vn 0.0422784 -0.966802 -0.252004
v 227.136 47.6436 -5.2706
vt 7.46233 -11.9749
vt 8.93243 -11.9749
vt 8.90384 -11.2638
f 170/445/105 171/446/105 169/447/104 168/448/104 

v 229.319 47.9055 -5.99475
vt 7.7499 -10.5944
vn 0.0212124 -0.966802 -0.254644
v 229.237 47.6436 -5.00738
vt 7.72132 -11.3055
vt 9.19142 -11.3055
vt 9.16283 -10.5944
f 172/449/106 173/450/106 171/451/105 170/452/105 

v 231.352 47.9055 -5.91023
vt 7.95052 -9.90651
vn -3.70025e-16 -0.966802 -0.255526
v 231.352 47.6436 -4.91943
vt 7.92194 -10.6176
vt 9.39203 -10.6176
vt 9.36345 -9.90651
f 174/453/107 175/454/107 173/455/106 172/456/106 

v 233.385 47.9055 -5.99475
vt 8.09137 -9.20488
vn -0.0212124 -0.966802 -0.254644
v 233.467 47.6436 -5.00738
vt 8.06279 -9.91599
vt 9.53289 -9.91599
vt 9.5043 -9.20488
f 176/457/108 177/458/108 175/459/107 174/460/107 

v 235.403 47.9055 -6.24774
vt 8.17149 -8.49438
vn -0.0422784 -0.966802 -0.252004
v 235.567 47.6436 -5.2706
vt 8.14291 -9.20548
vt 9.613 -9.20548
vt 9.58442 -8.49438
f 178/461/109 179/462/109 177/463/108 176/464/108 

v 237.394 47.9055 -6.66745
vt 8.19032 -7.7799
vn -0.0630723 -0.966796 -0.247645
v 237.639 47.6436 -5.70729
vt 8.16174 -8.491
vt 9.63183 -8.491
vt 9.60325 -7.7799
f 180/465/110 181/466/110 179/467/109 178/468/109 

v 239.616 47.6849 -6.46279
vt 8.12539 -7.6622
vn -0.0834364 -0.96679 -0.24157
v 239.667 47.6436 -6.31444
vt 8.12087 -7.7748
vt 9.59097 -7.77466
vt 9.56231 -7.06355
v 239.343 47.9055 -7.25099
vt 8.14938 -7.06369
v 239.523 47.7601 -6.73103
vt 8.13355 -7.45849
f 182/469/111 183/470/111 181/471/110 180/472/110 184/473/111 185/474/111 

v 241.556 47.6963 -7.27118
vt 8.0235 -6.92326
vn -0.112707 -0.966691 -0.229797
v 241.637 47.6436 -7.08784
vt 8.01774 -7.06704
vn -0.103142 -0.966787 -0.233846
v 241.556 47.6436 -7.05608
vt 8.07811 -7.06704
vn -0.0934795 -0.966736 -0.238083
v 239.686 47.6436 -6.32182
vt 9.4738 -7.06684
vt 9.48784 -7.06684
vt 9.48329 -6.95425
vt 9.47508 -6.75053
vt 9.45915 -6.35574
v 241.237 47.9055 -7.99431
vt 8.04622 -6.35593
v 241.52 47.7202 -7.35401
vt 8.0261 -6.8583
f 186/475/112 187/476/113 188/477/114 189/478/114 183/479/111 182/480/111 185/481/111 184/482/111 190/483/113 191/484/112 

vt 9.28622 -5.6636
v 242.342 47.9055 -8.53746
vt 8.43161 -5.66323
vn -0.112792 -0.966731 -0.229584
v 242.779 47.6436 -7.64915
vt 8.4313 -6.37433
vt 9.31449 -6.37472
vt 9.30877 -6.23094
vt 9.30618 -6.16597
f 190/485/113 192/486/115 193/487/115 187/488/113 186/489/112 191/490/112 

v 243.467 51.7595 -8.17616
vt 7.84768 38.3276
vn -0.431671 0.208327 -0.877645
v 243.39 51.4823 -8.20413
vt 7.88705 38.1308
vt 8.43823 35.5912
vt 9.29283 35.5912
vn -0.394823 0.208499 -0.894787
v 241.688 53.1457 -6.97225
vt 9.32506 39.3119
v 242.58 53.1457 -7.41077
vt 8.63508 39.3119
v 242.84 53.1079 -7.54752
vt 8.43128 39.2851
v 243.075 52.9972 -7.68939
vt 8.24138 39.2064
v 243.269 52.8209 -7.82672
vt 8.0783 39.0813
v 243.409 52.5912 -7.95014
vt 7.95317 38.9182
v 243.485 52.3238 -8.05126
vt 7.87451 38.7283
v 243.493 52.0368 -8.12317
vt 7.84768 38.5245
f 194/491/116 195/492/116 192/493/116 190/494/117 196/495/117 197/496/116 198/497/116 199/498/116 200/499/116 201/500/116 202/501/116 203/502/116 

v 243.904 51.4976 -7.28785
vt -15.4922 33.47
vn 0.881821 -0.095371 -0.461839
v 243.827 51.2204 -7.31582
vt -15.4493 33.2739
vn 0.857706 -0.189812 -0.477819
vt -14.7627 33.4591
vt -14.8057 33.6552
f 204/503/118 205/504/119 195/505/119 194/506/118 

vt -9.32142 35.5566
vn 0.394823 -0.208499 0.894787
vt -8.43823 35.5566
vn 0.431671 -0.208327 0.877645
vt -7.88705 38.0961
vt -7.84768 38.293
v 243.93 51.7749 -7.23486
vt -7.84768 38.4898
v 243.922 52.0619 -7.16295
vt -7.87451 38.6936
v 243.846 52.3294 -7.06184
vt -7.95317 38.8835
v 243.706 52.5591 -6.93841
vt -8.0783 39.0466
v 243.512 52.7353 -6.80108
vt -8.24138 39.1718
v 243.277 52.8461 -6.65921
vt -8.43128 39.2504
v 243.017 52.8839 -6.52247
vt -8.63508 39.2772
v 242.088 52.8839 -6.06578
vt -9.35365 39.2772
f 187/507/120 193/508/121 205/509/121 204/510/121 206/511/121 207/512/121 208/513/121 209/514/121 210/515/121 211/516/121 212/517/121 213/518/120 

vt -15.4113 33.0149
vn 0.852904 -0.205279 -0.480017
vt -14.8525 30.477
vt -14.1661 30.6628
vt -14.7249 33.2007
f 205/519/122 193/520/122 192/521/122 195/522/122 

vt -15.9554 35.9548
vn 0.902798 0.0633025 -0.425381
vt -15.9144 35.7622
vt -15.2269 35.9441
vt -15.2679 36.1366
f 206/523/123 204/524/118 194/525/118 203/526/123 

vt -16.254 36.7906
vn 0.895934 0.250481 -0.366826
vt -16.2107 36.5897
vt -15.5236 36.773
vt -15.567 36.9739
f 207/527/124 206/528/123 203/529/123 202/530/124 

vt -16.7867 36.0586
vn 0.833373 0.48379 -0.267277
vt -16.7391 35.8586
vt -16.0555 36.0544
vt -16.1031 36.2543
f 208/531/125 207/532/124 202/533/124 201/534/125 

vt -17.3272 32.3412
vn 0.714002 0.683986 -0.149547
vt -17.2698 32.1439
vt -16.5952 32.3689
vt -16.6527 32.5663
f 209/535/126 208/536/125 201/537/125 200/538/126 

vt -17.8784 25.5737
vn 0.546055 0.837468 -0.021697
vt -17.802 25.3828
vt -17.1499 25.6664
vt -17.2263 25.8572
f 210/539/127 209/540/126 200/541/126 199/542/127 

vt -18.1398 15.3317
vn 0.341029 0.933878 0.107566
vt -18.026 15.1605
vt -17.4412 15.5651
vt -17.555 15.7363
f 211/543/128 210/544/127 199/545/127 198/546/128 

vt -15.0505 0.514871
vn 0.171247 0.964683 0.200155
vt -14.8667 0.42283
vt -14.5523 1.06067
vt -14.7361 1.15272
f 212/547/129 211/548/128 198/549/128 197/550/129 

vt -9.35365 -6.19167
vn 0.103155 0.966802 0.233779
vt -8.63508 -6.19167
vt -8.63508 -5.48056
vt -9.32506 -5.48056
f 213/551/130 212/552/129 197/553/129 196/554/130 

vt -7.98321 -6.88855
vt -8.01179 -6.17744
v 239.708 53.1457 -6.19502
vt -9.48918 -6.17744
vn 0.0833915 0.966802 0.241536
v 240.031 52.8839 -5.25847
vt -9.51777 -6.88855
f 213/555/130 196/556/130 214/557/131 215/558/131 

vt 8.01179 39.4621
vt 8.04402 35.7414
vt 9.45695 35.7414
vn -0.31918 0.208499 -0.924474
vt 9.48918 39.4621
f 196/559/117 190/560/117 184/561/132 214/562/132 

vt 8.11551 39.6146
vt 8.14773 35.8939
vt 9.56066 35.8939
vn -0.241333 0.208499 -0.94778
v 237.67 53.1457 -5.58487
vt 9.59289 39.6146
f 214/563/132 184/564/132 180/565/133 216/566/133 

vt 8.15809 39.7683
vt 8.19032 36.0476
vt 9.60325 36.0476
vn -0.16182 0.208499 -0.964543
v 235.588 53.1457 -5.14601
vt 9.63548 39.7683
f 216/567/133 180/568/133 178/569/134 217/570/134 

vt 8.13926 39.9223
vt 8.17149 36.2016
vt 9.58442 36.2016
vn -0.0811903 0.208499 -0.974647
v 233.477 53.1457 -4.88148
vt 9.61665 39.9223
f 217/571/134 178/572/134 176/573/135 218/574/135 

vt 8.05914 40.0754
vt 8.09137 36.3547
vt 9.5043 36.3547
vn -1.46969e-15 0.208499 -0.978023
v 231.352 53.1457 -4.7931
vt 9.53653 40.0754
f 218/575/135 176/576/135 174/577/136 219/578/136 

vt 7.91829 40.2266
vt 7.95052 36.5059
vt 9.36345 36.5059
vn 0.0811903 0.208499 -0.974647
v 229.226 53.1457 -4.88148
vt 9.39568 40.2266
f 219/579/136 174/580/136 172/581/137 220/582/137 

vt 7.71768 40.3748
vt 7.7499 36.6541
vt 9.16283 36.6541
vn 0.16182 0.208499 -0.964543
v 227.115 53.1457 -5.14601
vt 9.19506 40.3748
f 220/583/137 172/584/137 170/585/138 221/586/138 

vt 7.45868 40.5191
vt 7.49091 36.7984
vt 8.90384 36.7984
vn 0.241333 0.208499 -0.94778
v 225.033 53.1457 -5.58487
vt 8.93607 40.5191
f 221/587/138 170/588/138 168/589/139 222/590/139 

vt 7.1431 40.6584
vt 7.17533 36.9377
vt 8.58826 36.9377
vn 0.31918 0.208499 -0.924474
v 222.995 53.1457 -6.19502
vt 8.62049 40.6584
f 222/591/139 168/592/139 166/593/140 223/594/140 

vt 6.77311 40.7917
vt 6.80534 37.071
vt 8.21827 37.071
vt 8.2505 40.7917
f 223/595/140 166/596/140 158/597/96 157/598/96 

v 222.672 52.8839 -5.25847
vt -6.74452 -13.0588
vn -0.0833915 0.966802 0.241536
vt -6.77311 -12.3476
vt -8.2505 -12.3476
vn -0.103155 0.966802 0.233779
vt -8.27908 -13.0588
f 224/599/141 223/600/141 157/601/142 140/602/142 

v 224.789 52.8839 -4.62471
vt -7.11452 -12.44
vn -0.0630526 0.966802 0.247625
vt -7.1431 -11.7289
vt -8.62049 -11.7289
vt -8.64907 -12.44
f 225/603/143 222/604/143 223/605/141 224/606/141 

v 226.951 52.8839 -4.16887
vt -7.4301 -11.7937
vn -0.0422784 0.966802 0.252004
vt -7.45868 -11.0825
vt -8.93607 -11.0825
vt -8.96465 -11.7937
f 226/607/144 221/608/144 222/609/143 225/610/143 

v 229.144 52.8839 -3.8941
vt -7.68909 -11.1242
vn -0.0212124 0.966802 0.254644
vt -7.71768 -10.4131
vt -9.19506 -10.4131
vt -9.22365 -11.1242
f 227/611/145 220/612/145 221/613/144 226/614/144 

v 231.352 52.8839 -3.8023
vt -7.88971 -10.4363
vn 3.80434e-16 0.966802 0.255526
vt -7.91829 -9.72523
vt -9.39568 -9.72523
vt -9.42426 -10.4363
f 228/615/146 219/616/146 220/617/145 227/618/145 

v 233.56 52.8839 -3.8941
vt -8.03056 -9.73471
vn 0.0212124 0.966802 0.254644
vt -8.05914 -9.02361
vt -9.53653 -9.02361
vt -9.56511 -9.73471
f 229/619/147 218/620/147 219/621/146 228/622/146 

v 235.752 52.8839 -4.16887
vt -8.11068 -9.02421
vn 0.0422784 0.966802 0.252004
vt -8.13926 -8.3131
vt -9.61665 -8.3131
vt -9.64523 -9.02421
f 230/623/148 217/624/148 218/625/147 229/626/147 

v 237.914 52.8839 -4.62471
vt -8.12951 -8.30972
vn 0.0630526 0.966802 0.247625
vt -8.15809 -7.59862
vt -9.63548 -7.59862
vt -9.66406 -8.30972
f 231/627/149 216/628/149 217/629/148 230/630/148 

vt -8.08692 -7.59619
vt -8.11551 -6.88509
vt -9.59289 -6.88509
vt -9.62148 -7.59619
f 215/631/131 214/632/131 216/633/149 231/634/149 

v 239.981 52.1575 -5.40484
vt -8.09139 39.0642
vn 0.331962 -0.20848 0.919966
vt -8.08692 39.5799
vn 0.31918 -0.208499 0.924474
vt -9.62148 39.5799
vn 0.241333 -0.208499 0.94778
vt -9.58925 35.8592
vt -8.11915 35.8592
f 232/635/150 215/636/151 231/637/152 181/638/152 183/639/151 

vt -9.51777 39.4274
vt -9.5133 38.9117
v 241.556 52.1575 -6.02323
vt -8.33785 38.9117
vn 0.357323 -0.208327 0.910451
vt -8.07581 35.7067
vt -8.01544 35.7067
vt -7.98321 39.4274
f 215/640/151 232/641/150 233/642/153 188/643/153 187/644/120 213/645/120 

v 241.556 52.1575 -4.83306
vt 1.64834 19.4488
vt 1.64834 18.6223
vt 2.74253 19.0517
v 239.686 52.1575 -5.31646
vt 2.94755 19.1131
v 239.686 52.1575 -4.83306
vt 2.94755 19.4488
f 234/646/6 233/647/6 232/648/6 235/649/6 236/650/6 

v 241.556 47.5552 -7.39373
vt -17.6706 33.0244
vn 1 -4.05129e-08 -6.81702e-09
v 241.556 47.7165 -7.3549
vt -17.6975 33.1364
vt -17.7557 33.1225
vt -17.9051 33.0859
vt -18.6223 36.2205
vt -19.4488 36.2205
v 241.556 49.8431 -5.23341
vt -19.1708 34.6132
v 241.556 47.524 -5.60578
vt -18.9122 33.0028
v 241.556 45.2006 -5.95012
vt -18.6731 31.3893
v 241.556 42.8732 -6.26639
vt -18.4535 29.773
v 241.556 40.5421 -6.55453
vt -18.2534 28.1542
v 241.556 38.2077 -6.81451
vt -18.0728 26.5332
v 241.556 35.8704 -7.04629
vt -17.9119 24.91
v 241.556 33.5305 -7.24983
vt -17.7705 23.285
v 241.556 31.1882 -7.4251
vt -17.6488 21.6585
v 241.556 28.844 -7.57209
vt -17.5467 20.0306
v 241.556 26.4982 -7.69076
vt -17.4643 18.4016
v 241.556 24.1512 -7.7811
vt -17.4016 16.7717
v 241.556 20.4661 -7.7811
vt -17.4016 14.2126
v 241.556 18.7599 -7.76849
vt -17.4103 13.0277
v 241.556 17.0537 -7.74958
vt -17.4235 11.8428
v 241.556 15.3476 -7.72438
vt -17.441 10.658
v 241.556 13.6416 -7.69287
vt -17.4628 9.4733
v 241.556 11.9357 -7.65507
vt -17.4891 8.28866
v 241.556 10.2299 -7.61097
vt -17.5197 7.10412
v 241.556 8.52437 -7.56058
vt -17.5547 5.9197
v 241.556 6.81901 -7.50388
vt -17.5941 4.73542
v 241.556 5.11387 -7.4409
vt -17.6378 3.5513
v 241.556 3.40897 -7.37161
vt -17.6859 2.36734
v 241.556 1.70434 -7.29604
vt -17.7384 1.18357
v 241.556 3.50325e-46 -7.21417
vt -17.7953 -6.67789e-08
v 241.556 3.50325e-46 -8.91495
vt -16.6142 -6.67789e-08
v 241.556 1.69274 -9.19762
vt -16.4179 1.17551
v 241.556 3.38848 -9.46163
vt -16.2345 2.35311
v 241.556 5.08704 -9.70694
vt -16.0642 3.53266
v 241.556 6.78819 -9.93352
vt -15.9068 4.71402
v 241.556 8.49173 -10.1414
vt -15.7625 5.89704
v 241.556 10.1975 -10.3304
vt -15.6312 7.08157
v 241.556 11.9052 -10.5007
vt -15.513 8.26748
v 241.556 13.6147 -10.6521
vt -15.4078 9.45462
v 241.556 15.3257 -10.7847
vt -15.3157 10.6428
v 241.556 17.0381 -10.8984
vt -15.2368 11.832
v 241.556 18.7516 -10.9933
vt -15.1709 13.022
v 241.556 20.4661 -11.0693
vt -15.1181 14.2126
v 241.556 24.1512 -11.0693
vt -15.1181 16.7717
v 241.556 26.5128 -10.8562
vt -15.2661 18.4116
v 241.556 28.871 -10.6086
vt -15.438 20.0493
v 241.556 31.2253 -10.3266
vt -15.6339 21.6842
v 241.556 33.5753 -10.0102
vt -15.8536 23.3162
v 241.556 35.9204 -9.65942
vt -16.0972 24.9447
v 241.556 38.2601 -9.27443
vt -16.3645 26.5695
v 241.556 40.5939 -8.85527
vt -16.6556 28.1902
v 241.556 42.9214 -8.40203
vt -16.9704 29.8065
v 241.556 45.2419 -7.91482
vt -17.3087 31.418
f 237/651/154 238/652/154 186/653/154 188/654/154 233/655/154 234/656/154 239/657/154 240/658/154 241/659/154 242/660/154 243/661/154 244/662/154 245/663/154 246/664/154 247/665/154 248/666/154 249/667/154 250/668/154 251/669/154 252/670/154 253/671/154 254/672/154 255/673/154 256/674/154 257/675/154 258/676/154 259/677/154 260/678/154 261/679/154 262/680/154 263/681/154 264/682/154 265/683/154 266/684/154 267/685/154 268/686/154 269/687/154 270/688/154 271/689/154 272/690/154 273/691/154 274/692/154 275/693/154 276/694/154 277/695/154 278/696/154 279/697/154 280/698/154 281/699/154 282/700/154 283/701/154 284/702/154 285/703/154 286/704/154 

v 239.686 47.5552 -7.39373
vt 2.94754 36.2425
vn 1.75994e-07 0.226886 -0.973921
v 239.686 47.8879 -7.31365
vt 2.94754 36.4801
vn 3.51979e-07 0.234 -0.972237
vt 1.67369 36.3603
vt 1.64833 36.3577
vt 1.64833 36.2425
f 287/705/155 288/706/156 191/707/156 238/708/156 237/709/155 

vt 17.6706 33.0244
vn -1 3.87657e-17 6.36908e-16
v 239.686 33.5305 -7.24983
vt 17.7705 23.285
vt 17.7262 33.2555
f 287/710/157 289/711/157 288/712/157

v 239.686 31.1882 -7.4251
vt 17.6488 21.6585
f 287/710/157 290/713/157 289/711/157

v 239.686 28.844 -7.57209
vt 17.5467 20.0306
f 287/710/157 291/714/157 290/713/157

v 239.686 26.4982 -7.69076
vt 17.4643 18.4016
f 287/710/157 292/715/157 291/714/157

v 239.686 24.1512 -7.7811
vt 17.4016 16.7717
f 287/710/157 293/716/157 292/715/157

v 239.686 45.2419 -7.91482
vt 17.3087 31.418
f 294/717/157 293/716/157 287/710/157

v 239.686 20.4661 -7.7811
vt 17.4016 14.2126
f 293/716/157 294/717/157 295/718/157

v 239.686 24.1512 -8.34802
vt 17.0079 16.7717
f 296/719/157 295/718/157 294/717/157

v 239.686 18.7599 -7.76849
vt 17.4103 13.0277
f 296/719/157 297/720/157 295/718/157

v 239.686 17.0537 -7.74958
vt 17.4235 11.8428
f 296/719/157 298/721/157 297/720/157

v 239.686 15.3476 -7.72438
vt 17.441 10.658
f 296/719/157 299/722/157 298/721/157

v 239.686 13.6416 -7.69287
vt 17.4628 9.4733
f 296/719/157 300/723/157 299/722/157

v 239.686 11.9357 -7.65507
vt 17.4891 8.28866
f 296/719/157 301/724/157 300/723/157

v 239.686 10.2299 -7.61097
vt 17.5197 7.10412
f 296/719/157 302/725/157 301/724/157

v 239.686 8.52437 -7.56058
vt 17.5547 5.9197
f 296/719/157 303/726/157 302/725/157

v 239.686 6.81901 -7.50388
vt 17.5941 4.73542
f 296/719/157 304/727/157 303/726/157

v 239.686 5.11387 -7.4409
vt 17.6378 3.5513
f 296/719/157 305/728/157 304/727/157

v 239.686 3.40897 -7.37161
vt 17.6859 2.36734
f 296/719/157 306/729/157 305/728/157

v 239.686 1.70434 -7.29604
vt 17.7384 1.18357
f 296/719/157 307/730/157 306/729/157

v 239.686 20.4661 -8.34802
vt 17.0079 14.2126
f 308/731/157 307/730/157 296/719/157

v 239.686 2.16153e-30 -7.21417
vt 17.7953 -1.14264e-16
f 308/731/157 309/732/157 307/730/157

v 239.686 -1.68444e-30 -8.91495
vt 16.6142 -1.14264e-16
f 308/731/157 310/733/157 309/732/157

v 239.686 1.69274 -9.19762
vt 16.4179 1.17551
f 308/731/157 311/734/157 310/733/157

v 239.686 3.38848 -9.46163
vt 16.2345 2.35311
f 308/731/157 312/735/157 311/734/157

v 239.686 5.08704 -9.70694
vt 16.0642 3.53266
f 308/731/157 313/736/157 312/735/157

v 239.686 20.4661 -9.76535
vt 16.0236 14.2126
f 314/737/157 313/736/157 308/731/157

v 239.686 6.78819 -9.93352
vt 15.9068 4.71402
f 313/736/157 314/737/157 315/738/157

v 239.686 24.1512 -9.76535
vt 16.0236 16.7717
f 316/739/157 315/738/157 314/737/157

v 239.686 8.49173 -10.1414
vt 15.7625 5.89704
f 316/739/157 317/740/157 315/738/157

v 239.686 29.2668 -10.2751
vt 15.6696 20.3242
f 318/741/157 317/740/157 316/739/157

v 239.686 31.2253 -10.3266
vt 15.6339 21.6842
f 319/742/157 317/740/157 318/741/157

v 239.686 10.1975 -10.3304
vt 15.6312 7.08157
f 319/742/157 320/743/157 317/740/157

v 239.686 11.9052 -10.5007
vt 15.513 8.26748
f 319/742/157 321/744/157 320/743/157

v 239.686 28.871 -10.6086
vt 15.438 20.0493
f 322/745/157 321/744/157 319/742/157

v 239.686 13.6147 -10.6521
vt 15.4078 9.45462
f 322/745/157 323/746/157 321/744/157

v 239.686 15.3257 -10.7847
vt 15.3157 10.6428
f 322/745/157 324/747/157 323/746/157

v 239.686 26.5128 -10.8562
vt 15.2661 18.4116
f 325/748/157 324/747/157 322/745/157

v 239.686 17.0381 -10.8984
vt 15.2368 11.832
f 325/748/157 326/749/157 324/747/157

v 239.686 25.1717 -10.9772
vt 15.1821 17.4803
f 327/750/157 326/749/157 325/748/157

v 239.686 18.7516 -10.9933
vt 15.1709 13.022
f 327/750/157 328/751/157 326/749/157

v 239.686 24.1512 -11.0693
vt 15.1181 16.7717
f 329/752/157 328/751/157 327/750/157

v 239.686 20.4661 -11.0693
vt 15.1181 14.2126
f 328/751/157 329/752/157 330/753/157

vt 2.94755 16.7717
vn -1.21806e-13 5.55316e-15 -1
v 239.856 24.1512 -11.0693
vt 2.82944 16.7717
v 239.856 20.4661 -11.0693
vt 2.82944 14.2126
vt 2.94755 14.2126
f 329/754/158 331/755/158 332/756/158 330/757/158 

v 223.018 24.1512 -11.0693
vt -14.5224 15.1181
vn 0 -1 0
v 222.734 24.1512 -11.0693
vt -14.7192 15.1181
v 222.734 24.1512 -28.1905
vt -14.7192 3.22835
v 223.018 24.1512 -28.1905
vt -14.5224 3.22835
v 223.018 24.1512 -29.4378
vt -14.5224 2.3622
v 239.686 24.1512 -29.4378
vt -2.94755 2.3622
v 239.686 24.1512 -28.1905
vt -2.94755 3.22835
v 239.856 24.1512 -28.1905
vt -2.82944 3.22835
vt -2.82944 15.1181
vt -2.94755 15.1181
vt -2.94755 16.0236
v 223.018 24.1512 -9.76535
vt -14.5224 16.0236
f 333/758/159 334/759/159 335/760/159 336/761/159 337/762/159 338/763/159 339/764/159 340/765/159 331/766/159 329/767/159 316/768/159 341/769/159 

v 223.018 25.1717 -11.0693
vt -14.5224 17.4803
vn -5.08656e-14 -2.82618e-14 1
v 221.175 25.1717 -11.0693
vt -15.8019 17.4803
v 221.175 24.1512 -11.0693
vt -15.8019 16.7717
v 221.317 24.1512 -11.0693
vt -15.7035 16.7717
vt -14.7192 16.7717
vt -14.5224 16.7717
f 342/770/160 343/771/160 344/772/160 345/773/160 334/774/160 333/775/160 

v 241.641 25.1717 -32.8394
vt 1.58928 0
v 221.062 25.1717 -32.8394
vt 15.8806 8.88178e-14
v 220.519 25.1717 -32.7679
vt 16.2576 0.0496356
v 220.013 25.1717 -32.5583
vt 16.609 0.19516
v 219.579 25.1717 -32.225
vt 16.9107 0.426655
v 219.245 25.1717 -31.7905
vt 17.1422 0.728346
v 219.036 25.1717 -31.2846
vt 17.2877 1.07967
v 218.964 25.1717 -30.7417
vt 17.3373 1.45669
v 218.98 25.1717 -29.0887
vt 17.3266 2.60464
v 219.026 25.1717 -27.4362
vt 17.2945 3.75219
v 219.103 25.1717 -25.7849
vt 17.241 4.89894
v 219.211 25.1717 -24.1353
vt 17.1661 6.04449
v 219.349 25.1717 -22.488
vt 17.0698 7.18845
v 219.519 25.1717 -20.8436
vt 16.9523 8.33041
v 219.719 25.1717 -19.2026
vt 16.8134 9.46998
v 219.949 25.1717 -17.5656
vt 16.6533 10.6068
v 220.21 25.1717 -15.9332
vt 16.4721 11.7404
v 220.502 25.1717 -14.306
vt 16.2697 12.8704
v 220.823 25.1717 -12.6845
vt 16.0463 13.9964
vt 15.8019 15.1181
vt 14.5224 15.1181
v 223.018 25.1717 -10.9772
vt 14.5224 15.1821
v 223.018 25.1717 -8.12125
vt 14.5224 17.1654
v 239.686 25.1717 -8.12125
vt 2.94755 17.1654
vt 2.94755 15.1821
v 239.686 25.1717 -11.0693
vt 2.94755 15.1181
v 241.528 25.1717 -11.0693
vt 1.66802 15.1181
v 241.88 25.1717 -12.6845
vt 1.42364 13.9964
v 242.202 25.1717 -14.306
vt 1.20022 12.8704
v 242.493 25.1717 -15.9332
vt 0.997851 11.7404
v 242.754 25.1717 -17.5656
vt 0.81659 10.6068
v 242.985 25.1717 -19.2026
vt 0.656505 9.46998
v 243.185 25.1717 -20.8436
vt 0.517652 8.33041
v 243.354 25.1717 -22.488
vt 0.40008 7.18845
v 243.493 25.1717 -24.1353
vt 0.303828 6.04449
v 243.6 25.1717 -25.7849
vt 0.228931 4.89894
v 243.677 25.1717 -27.4362
vt 0.175414 3.75219
v 243.724 25.1717 -29.0887
vt 0.143297 2.60464
v 243.739 25.1717 -30.7417
vt 0.13259 1.45669
v 243.668 25.1717 -31.2846
vt 0.182225 1.07967
v 243.458 25.1717 -31.7905
vt 0.327749 0.728346
v 243.125 25.1717 -32.225
vt 0.559245 0.426655
v 242.69 25.1717 -32.5583
vt 0.860936 0.19516
v 242.184 25.1717 -32.7679
vt 1.21226 0.0496356
f 346/776/6 347/777/6 348/778/6 349/779/6 350/780/6 351/781/6 352/782/6 353/783/6 354/784/6 355/785/6 356/786/6 357/787/6 358/788/6 359/789/6 360/790/6 361/791/6 362/792/6 363/793/6 364/794/6 343/795/6 342/796/6 365/797/6 366/798/6 367/799/6 327/800/6 368/801/6 369/802/6 370/803/6 371/804/6 372/805/6 373/806/6 374/807/6 375/808/6 376/809/6 377/810/6 378/811/6 379/812/6 380/813/6 381/814/6 382/815/6 383/816/6 384/817/6 385/818/6 386/819/6 

v 241.641 24.1512 -32.8394
vt 1.58928 16.7717
vn 0.0654031 -2.3114e-32 -0.997859
v 221.062 24.1512 -32.8394
vt 15.8806 16.7717
vn -0.0654031 -2.57032e-32 -0.997859
vt 15.8806 17.4803
vt 1.58928 17.4803
f 387/820/161 388/821/162 347/822/162 346/823/161 

v 241.528 24.1512 -11.0693
vt -1.66802 15.1181
vn 2.46706e-14 -0.674588 -0.738195
v 241.273 24.1512 -11.0693
vt -1.84519 15.1181
v 241.273 24.1512 -28.1905
vt -1.84519 3.22835
v 241.556 24.1512 -28.1905
vt -1.64834 3.22835
v 241.556 24.1512 -31.1386
vt -1.64834 1.1811
v 239.686 24.1512 -31.1386
vt -2.94755 1.1811
v 239.686 24.1512 -30.8551
vt -2.94755 1.37795
v 223.018 24.1512 -30.8551
vt -14.5224 1.37795
v 223.018 24.1512 -31.1386
vt -14.5224 1.1811
v 221.147 24.1512 -31.1386
vt -15.8216 1.1811
v 221.147 24.1512 -28.1905
vt -15.8216 3.22835
v 221.317 24.1512 -28.1905
vt -15.7035 3.22835
vt -15.7035 15.1181
vt -15.8019 15.1181
v 220.823 24.1512 -12.6845
vt -16.0463 13.9964
v 220.502 24.1512 -14.306
vt -16.2697 12.8704
v 220.21 24.1512 -15.9332
vt -16.4721 11.7404
v 219.949 24.1512 -17.5656
vt -16.6533 10.6068
v 219.719 24.1512 -19.2026
vt -16.8134 9.46998
v 219.519 24.1512 -20.8436
vt -16.9523 8.33041
v 219.349 24.1512 -22.488
vt -17.0698 7.18845
v 219.211 24.1512 -24.1353
vt -17.1661 6.04449
v 219.103 24.1512 -25.7849
vt -17.241 4.89894
v 219.026 24.1512 -27.4362
vt -17.2945 3.75219
v 218.98 24.1512 -29.0887
vt -17.3266 2.60464
v 218.964 24.1512 -30.7417
vt -17.3373 1.45669
v 219.036 24.1512 -31.2846
vt -17.2877 1.07967
v 219.245 24.1512 -31.7905
vt -17.1422 0.728346
v 219.579 24.1512 -32.225
vt -16.9107 0.426655
v 220.013 24.1512 -32.5583
vt -16.609 0.19516
v 220.519 24.1512 -32.7679
vt -16.2576 0.0496356
vt -15.8806 8.88178e-14
vt -1.58928 0
v 242.184 24.1512 -32.7679
vt -1.21226 0.0496356
v 242.69 24.1512 -32.5583
vt -0.860936 0.19516
v 243.125 24.1512 -32.225
vt -0.559245 0.426655
v 243.458 24.1512 -31.7905
vt -0.327749 0.728346
v 243.668 24.1512 -31.2846
vt -0.182225 1.07967
v 243.739 24.1512 -30.7417
vt -0.13259 1.45669
v 243.724 24.1512 -29.0887
vt -0.143297 2.60464
v 243.677 24.1512 -27.4362
vt -0.175414 3.75219
v 243.6 24.1512 -25.7849
vt -0.228931 4.89894
v 243.493 24.1512 -24.1353
vt -0.303828 6.04449
v 243.354 24.1512 -22.488
vt -0.40008 7.18845
v 243.185 24.1512 -20.8436
vt -0.517652 8.33041
v 242.985 24.1512 -19.2026
vt -0.656505 9.46998
v 242.754 24.1512 -17.5656
vt -0.81659 10.6068
v 242.493 24.1512 -15.9332
vt -0.997851 11.7404
v 242.202 24.1512 -14.306
vt -1.20022 12.8704
v 241.88 24.1512 -12.6845
vt -1.42364 13.9964
f 389/824/163 390/825/163 391/826/159 392/827/159 393/828/159 394/829/159 395/830/159 396/831/159 397/832/159 398/833/159 399/834/159 400/835/159 345/836/159 344/837/159 401/838/159 402/839/159 403/840/159 404/841/159 405/842/159 406/843/159 407/844/159 408/845/159 409/846/159 410/847/159 411/848/159 412/849/159 413/850/159 414/851/159 415/852/159 416/853/159 417/854/159 388/855/159 387/856/159 418/857/159 419/858/159 420/859/159 421/860/159 422/861/159 423/862/159 424/863/159 425/864/159 426/865/159 427/866/159 428/867/159 429/868/159 430/869/159 431/870/159 432/871/159 433/872/159 434/873/159 

vt -2.94755 16.7717
vn 1.09195e-15 -2.00449e-14 1
vt -2.82944 16.7717
vt -1.84519 16.7717
vt -1.66802 16.7717
vt -1.66802 17.4803
vt -2.94755 17.4803
f 329/874/164 331/875/164 390/876/163 389/877/163 369/878/164 368/879/164 

vt 1.64834 19.709
vn -1.29493e-15 0.0971407 -0.995271
vt 1.64834 18.0623
vn 1.61128e-14 0.0449768 -0.998988
vt 1.66802 18.0623
vt 1.84519 18.0623
vt 2.82944 18.0623
vn -1.11057e-15 0.0898625 -0.995954
vt 2.94755 18.0623
vt 2.94755 18.7739
vt 2.94755 19.709
f 278/880/165 277/881/166 389/882/163 390/883/163 331/884/167 329/885/167 327/886/167 325/887/165 

vt 1.64834 14.2126
vn 1.59127e-14 -0.0221442 -0.999755
v 241.273 20.4661 -11.0693
vt 1.84519 14.2126
vt 1.84519 16.7717
vt 1.66802 16.7717
vt 1.64834 16.7717
f 276/888/168 435/889/168 390/890/163 389/891/163 277/892/166 

vt 1.64834 13.5293
vt 1.64834 12.3375
vn -1.48551e-15 -0.0497792 -0.99876
vt 2.94755 12.3375
vt 2.94755 13.5293
vn -1.4859e-15 -0.0442775 -0.999019
vt 2.82944 13.5293
vt 1.84519 13.5293
f 276/893/168 275/894/169 328/895/169 330/896/170 332/897/170 435/898/168 

vt 1.64834 12.1634
vt 1.64834 10.9716
vn -1.48461e-15 -0.0607777 -0.998151
vt 2.94755 10.9716
vt 2.94755 12.1634
f 275/899/169 274/900/171 326/901/171 328/902/169 

vt 1.64834 10.7962
vt 1.64834 9.60441
vn -1.48352e-15 -0.0717689 -0.997421
vt 2.94755 9.60441
vt 2.94755 10.7962
f 274/903/171 273/904/172 324/905/172 326/906/171 

vt 1.64834 9.42772
vt 1.64834 8.23593
vn -1.48226e-15 -0.0827513 -0.99657
vt 2.94755 8.23593
vt 2.94755 9.42772
f 273/907/172 272/908/173 323/909/173 324/910/172 

vt 1.64834 8.05817
vt 1.64834 6.86638
vn -1.48081e-15 -0.0937237 -0.995598
vt 2.94755 6.86638
vt 2.94755 8.05817
f 272/911/173 271/912/174 321/913/174 323/914/173 

vt 1.64834 6.68772
vt 1.64834 5.49593
vn -1.47919e-15 -0.104685 -0.994505
vt 2.94755 5.49593
vt 2.94755 6.68772
f 271/915/174 270/916/175 320/917/175 321/918/174 

vt 1.64834 5.31653
vt 1.64834 4.12474
vn -1.47738e-15 -0.115633 -0.993292
vt 2.94755 4.12474
vt 2.94755 5.31653
f 270/919/175 269/920/176 317/921/176 320/922/175 

vt 1.64834 3.94476
vt 1.64834 2.75297
vn -1.4754e-15 -0.126567 -0.991958
vt 2.94755 2.75297
vt 2.94755 3.94476
f 269/923/176 268/924/177 315/925/177 317/926/176 

vt 1.64834 2.57259
vt 1.64834 1.3808
vn -1.47323e-15 -0.137486 -0.990504
vt 2.94755 1.3808
vt 2.94755 2.57259
f 268/927/177 267/928/178 313/929/178 315/930/177 

vt 1.64834 1.20018
vt 1.64834 0.00839016
vn -1.47089e-15 -0.148389 -0.988929
vt 2.94755 0.00839016
vt 2.94755 1.20018
f 267/931/178 266/932/179 312/933/179 313/934/178 

vt 1.64834 -0.172306
vt 1.64834 -1.36409
vn -1.46837e-15 -0.159273 -0.987235
vt 2.94755 -1.36409
vt 2.94755 -0.172306
f 266/935/179 265/936/180 311/937/180 312/938/179 

vt 1.64834 -1.5447
vt 1.64834 -2.73649
vn -1.46704e-15 -0.164708 -0.986342
vt 2.94755 -2.73649
vt 2.94755 -1.5447
f 265/939/180 264/940/181 310/941/181 311/942/180 

vt -2.94755 17.7953
vn -1.27503e-31 -1 1.13064e-30
vt -2.94755 16.6142
vt -1.64834 16.6142
vt -1.64834 17.7953
f 309/943/182 310/944/182 264/945/182 263/946/182 

vt -1.64834 -0.853829
vn 1.48565e-15 0.0479806 0.998848
vt -1.64834 0.331105
vn 1.48577e-15 0.0461368 0.998935
vt -2.94755 0.331105
vt -2.94755 -0.853829
f 263/947/183 262/948/184 307/949/184 309/950/183 

vt -1.64834 0.396725
vt -1.64834 1.58166
vn 1.48602e-15 0.0424485 0.999099
vt -2.94755 1.58166
vt -2.94755 0.396725
f 262/951/184 261/952/185 306/953/185 307/954/184 

vt -1.64834 1.64727
vt -1.64834 2.8322
vn 1.48624e-15 0.0387597 0.999249
vt -2.94755 2.8322
vt -2.94755 1.64727
f 261/955/185 260/956/186 305/957/186 306/958/185 

vt -1.64834 2.89777
vt -1.64834 4.08271
vn 1.48644e-15 0.0350703 0.999385
vt -2.94755 4.08271
vt -2.94755 2.89777
f 260/959/186 259/960/187 304/961/187 305/962/186 

vt -1.64834 4.14824
vt -1.64834 5.33317
vn 1.48663e-15 0.0313805 0.999508
vt -2.94755 5.33317
vt -2.94755 4.14824
f 259/963/187 258/964/188 303/965/188 304/966/187 

vt -1.64834 5.39863
vt -1.64834 6.58357
vn 1.48679e-15 0.0276902 0.999617
vt -2.94755 6.58357
vt -2.94755 5.39863
f 258/967/188 257/968/189 302/969/189 303/970/188 

vt -1.64834 6.64895
vt -1.64834 7.83388
vn 1.48693e-15 0.0239996 0.999712
vt -2.94755 7.83388
vt -2.94755 6.64895
f 257/971/189 256/972/190 301/973/190 302/974/189 

vt -1.64834 7.89917
vt -1.64834 9.0841
vn 1.48705e-15 0.0203086 0.999794
vt -2.94755 9.0841
vt -2.94755 7.89917
f 256/975/190 255/976/191 300/977/191 301/978/190 

vt -1.64834 9.14927
vt -1.64834 10.3342
vn 1.48715e-15 0.0166174 0.999862
vt -2.94755 10.3342
vt -2.94755 9.14927
f 255/979/191 254/980/192 299/981/192 300/982/191 

vt -1.64834 10.3992
vt -1.64834 11.5842
vn 1.48723e-15 0.0129259 0.999916
vt -2.94755 11.5842
vt -2.94755 10.3992
f 254/983/192 253/984/193 298/985/193 299/986/192 

vt -1.64834 11.6491
vt -1.64834 12.834
vn 1.4873e-15 0.00923423 0.999957
vt -2.94755 12.834
vt -2.94755 11.6491
f 253/987/193 252/988/194 297/989/194 298/990/193 

vt -1.64834 12.8987
vt -1.64834 14.0836
vn 1.48735e-15 0.0036942 0.999993
vt -2.94755 14.0836
vt -2.94755 12.8987
f 252/991/194 251/992/195 295/993/195 297/994/194 

vt -1.64834 14.2126
vt -1.64834 16.7717
vn 1.48708e-15 -0.0192345 0.999815
vt -2.94755 14.2126
f 251/995/195 250/996/196 293/874/196 295/997/195 

vt -1.64834 17.4285
vt -1.64834 19.0596
vn 1.48589e-15 -0.0444936 0.99901
vt -2.94755 19.0596
vt -2.94755 17.4285
f 250/998/196 249/999/197 292/1000/197 293/1001/196 

vt -1.64834 19.2604
vt -1.64834 20.8915
vn 1.48498e-15 -0.0565518 0.9984
vt -2.94755 20.8915
vt -2.94755 19.2604
f 249/1002/197 248/1003/198 291/1004/198 292/1005/197 

vt -1.64834 21.0894
vt -1.64834 22.7205
vn 1.48385e-15 -0.0686018 0.997644
vt -2.94755 22.7205
vt -2.94755 21.0894
f 248/1006/198 247/1007/199 290/1008/199 291/1009/198 

vt -1.64834 22.9151
vt -1.64834 24.5462
vn 1.48251e-15 -0.0806418 0.996743
vt -2.94755 24.5462
vt -2.94755 22.9151
f 247/1010/199 246/1011/200 289/1012/200 290/1013/199 

vt -1.64834 24.7374
vt -1.64834 26.3685
vn 1.48096e-15 -0.0926701 0.995697
v 239.686 35.8704 -7.04629
vt -2.94755 26.3685
vt -2.94755 24.7374
f 246/1014/200 245/1015/201 436/1016/201 289/1017/200 

vt -1.64834 26.556
vt -1.64834 28.1871
vn 1.47919e-15 -0.104685 0.994505
v 239.686 38.2077 -6.81451
vt -2.94755 28.1871
vt -2.94755 26.556
f 245/1018/201 244/1019/202 437/1020/202 436/1021/201 

vt -1.64834 28.3705
vt -1.64834 30.0016
vn 1.4772e-15 -0.116684 0.993169
v 239.686 40.5421 -6.55453
vt -2.94755 30.0016
vt -2.94755 28.3705
f 244/1022/202 243/1023/203 438/1024/203 437/1025/202 

vt -1.64834 30.1809
vt -1.64834 31.812
vn 1.475e-15 -0.128667 0.991688
v 239.686 42.8732 -6.26639
vt -2.94755 31.812
vt -2.94755 30.1809
f 243/1026/203 242/1027/204 439/1028/204 438/1029/203 

vt -1.64834 31.9867
vt -1.64834 33.6178
vn 1.47258e-15 -0.14063 0.990062
v 239.686 45.2006 -5.95012
vt -2.94755 33.6178
vt -2.94755 31.9867
f 242/1030/204 241/1031/205 440/1032/205 439/1033/204 

vt -1.64834 33.7877
vt -1.64834 35.4188
vn 1.46994e-15 -0.152574 0.988292
v 239.686 47.524 -5.60578
vt -2.94755 35.4188
vt -2.94755 33.7877
f 241/1034/205 240/1035/206 441/1036/206 440/1037/205 

vt -1.64834 35.5837
vt -1.64834 37.2148
vn 1.4671e-15 -0.164495 0.986378
v 239.686 49.8431 -5.23341
vt -2.94755 37.2148
vt -2.94755 35.5837
f 240/1038/206 239/1039/207 442/1040/207 441/1041/206 

vt -1.64834 37.3743
vt -1.64834 39.0054
vn 1.46559e-15 -0.170446 0.985367
vt -2.94755 39.0054
vt -2.94755 37.3743
f 239/1042/207 234/1043/208 236/1044/208 442/1045/207 

vt 19.1131 36.2205
vt 19.1708 34.6132
vt 19.4488 36.2205
f 235/1046/157 442/1047/157 236/1048/157

vt 18.9122 33.0028
f 235/1046/157 441/1049/157 442/1047/157

vt 18.6731 31.3893
f 235/1046/157 440/1050/157 441/1049/157

vt 18.4535 29.773
f 235/1046/157 439/1051/157 440/1050/157

vt 18.415 33.0859
f 189/1052/157 439/1051/157 235/1046/157

vt 18.2534 28.1542
f 189/1052/157 438/1053/157 439/1051/157

vt 18.0728 26.5332
f 189/1052/157 437/1054/157 438/1053/157

vt 17.9119 24.91
f 189/1052/157 436/1055/157 437/1054/157

f 189/1052/157 289/711/157 436/1055/157

f 288/712/157 289/711/157 189/1052/157

vt -8.08798 -7.06845
vn 0.0935649 0.96678 0.237871
vt -8.03329 -6.9247
vt -8.03585 -6.85974
vt -9.23155 -6.40439
vt -9.48367 -7.06742
f 188/1056/209 186/1057/112 191/1058/112 288/1059/209 189/1060/209 

vt 9.4715 35.7067
vn -0.357323 0.208327 -0.910451
vt 9.5133 38.9117
vt 8.33785 38.9117
vt 8.07581 35.7067
f 189/1061/210 232/1062/210 233/1063/210 188/1064/210 

vt -9.48554 35.7067
vt -9.4715 35.7067
f 183/1065/151 189/1066/153 232/641/150

vt 8.09139 39.0675
vn -0.280488 0.208675 -0.9369
vt 8.10516 35.8624
vt 8.3054 39.0675
f 232/1067/211 189/1068/211 235/1069/211

v 239.856 20.4661 -28.2479
vt -2.82944 3.18851
v 241.273 20.4661 -28.2479
vt -1.84519 3.18851
f 332/766/159 443/1070/159 444/1071/159 435/825/159 

vn -1 0 1.48736e-15
vt 3.22835 16.7717
v 239.856 22.1314 -28.2112
vt 3.21397 15.369
vt 3.18851 14.2126
f 331/752/212 340/1072/212 445/1073/212 443/1074/212 332/753/212 

vt 14.5224 3.22835
vt 14.5224 2.3622
vt 2.94755 2.3622
vt 2.94755 3.22835
vt 2.82944 3.22835
vt 2.82944 15.1181
vt 1.84519 15.1181
vt 1.84519 3.22835
vt 1.64834 3.22835
vt 1.64834 1.1811
vt 2.94755 1.1811
vt 2.94755 1.37795
vt 14.5224 1.37795
vt 14.5224 1.1811
vt 15.8216 1.1811
vt 15.8216 3.22835
vt 15.7035 3.22835
vt 15.7035 15.1181
vt 14.7192 15.1181
vt 14.7192 3.22835
f 336/1075/6 337/1076/6 338/1077/6 339/1078/6 340/1079/6 331/1080/6 390/1081/6 391/1082/6 392/1083/6 393/1084/6 394/1085/6 395/1086/6 396/1087/6 397/1088/6 398/1089/6 399/1090/6 400/1091/6 345/1092/6 334/1093/6 335/1094/6 

v 223.018 3.50325e-46 -30.0047
vt -1.9685 1.64453e-14
vn 1 1.13241e-15 -3.46295e-15
v 223.018 3.50325e-46 -31.7055
vt -0.787402 1.64453e-14
v 223.018 2.01097 -31.6063
vt -0.856281 1.39651
v 223.018 4.02239 -31.5166
vt -0.918606 2.79333
v 223.018 6.0342 -31.4363
vt -0.974374 4.19042
v 223.018 8.04637 -31.3654
vt -1.02358 5.58776
v 223.018 10.0589 -31.304
vt -1.06624 6.98531
v 223.018 12.0716 -31.252
vt -1.10233 8.38305
v 223.018 14.0846 -31.2095
vt -1.13186 9.78095
v 223.018 16.0977 -31.1764
vt -1.15483 11.179
v 223.018 18.111 -31.1528
vt -1.17124 12.5771
v 223.018 20.1244 -31.1386
vt -1.18109 13.9752
v 223.018 22.1378 -31.1339
vt -1.18438 15.3735
vt -1.1811 16.7717
vt -1.37795 16.7717
v 223.018 20.4661 -30.8551
vt -1.37795 14.2126
v 223.018 20.4661 -29.4378
vt -2.3622 14.2126
vt -2.3622 16.7717
vt -3.22835 16.7717
v 223.018 22.1314 -28.2112
vt -3.21397 15.369
v 223.018 20.1119 -28.2557
vt -3.18309 13.9666
v 223.018 18.0931 -28.3239
vt -3.13571 12.5647
v 223.018 16.0753 -28.4159
vt -3.07183 11.1634
v 223.018 14.0587 -28.5317
vt -2.99146 9.76296
v 223.018 12.0436 -28.6711
vt -2.89462 8.36358
v 223.018 10.0302 -28.8343
vt -2.78132 6.96543
v 223.018 8.01894 -29.0211
vt -2.65157 5.56871
v 223.018 6.01 -29.2316
vt -2.50539 4.17361
v 223.018 4.00368 -29.4657
vt -2.34281 2.78033
v 223.018 2.00026 -29.7234
vt -2.16384 1.38907
f 446/1095/213 447/1096/213 448/1097/213 449/1098/213 450/1099/213 451/1100/213 452/1101/213 453/1102/213 454/1103/213 455/1104/213 456/1105/213 457/1106/213 458/1107/213 397/1108/213 396/1109/213 459/1110/213 460/1111/213 337/1112/213 336/1113/213 461/1114/213 462/1115/213 463/1116/213 464/1117/213 465/1118/213 466/1119/213 467/1120/213 468/1121/213 469/1122/213 470/1123/213 471/1124/213 

v 221.147 3.50325e-46 -30.0047
vt -15.8216 1.9685
v 221.147 3.50325e-46 -31.7055
vt -15.8216 0.787402
vt -14.5224 0.787402
vt -14.5224 1.9685
f 472/1125/159 473/1126/159 447/1127/159 446/1128/159 

vt 1.1811 16.7717
v 221.147 22.1378 -31.1339
vt 1.18438 15.3735
v 221.147 20.1244 -31.1386
vt 1.18109 13.9752
v 221.147 18.111 -31.1528
vt 1.17124 12.5771
v 221.147 16.0977 -31.1764
vt 1.15483 11.179
v 221.147 14.0846 -31.2095
vt 1.13186 9.78095
v 221.147 12.0716 -31.252
vt 1.10233 8.38305
v 221.147 10.0589 -31.304
vt 1.06624 6.98531
v 221.147 8.04637 -31.3654
vt 1.02358 5.58776
v 221.147 6.0342 -31.4363
vt 0.974374 4.19042
v 221.147 4.02239 -31.5166
vt 0.918606 2.79333
v 221.147 2.01097 -31.6063
vt 0.856281 1.39651
vt 0.787402 1.16975e-30
vt 1.9685 1.16975e-30
v 221.147 2.00026 -29.7234
vt 2.16384 1.38907
v 221.147 4.00368 -29.4657
vt 2.34281 2.78033
v 221.147 6.01 -29.2316
vt 2.50539 4.17361
v 221.147 8.01894 -29.0211
vt 2.65157 5.56871
v 221.147 10.0302 -28.8343
vt 2.78132 6.96543
v 221.147 12.0436 -28.6711
vt 2.89462 8.36358
v 221.147 14.0587 -28.5317
vt 2.99146 9.76296
v 221.147 16.0753 -28.4159
vt 3.07183 11.1634
v 221.147 18.0931 -28.3239
vt 3.13571 12.5647
v 221.147 20.1119 -28.2557
vt 3.18309 13.9666
v 221.147 22.1314 -28.2112
f 399/1072/212 398/1129/212 474/1130/212 475/1131/212 476/1132/212 477/1133/212 478/1134/212 479/1135/212 480/1136/212 481/1137/212 482/1138/212 483/1139/212 484/1140/212 473/1141/212 472/1142/212 485/1143/212 486/1144/212 487/1145/212 488/1146/212 489/1147/212 490/1148/212 491/1149/212 492/1150/212 493/1151/212 494/1152/212 495/1073/212 

vt 14.5224 16.7688
vn -1.48728e-15 -0.00234291 -0.999997
vt 14.5224 15.3706
vn -1.48732e-15 3.70536e-06 -1
vt 15.8216 15.3706
vt 15.8216 16.7688
f 397/1153/214 458/1154/215 474/1155/215 398/1156/214 

vt 14.5224 15.3762
vt 14.5224 13.978
vn -1.48734e-15 0.00469692 -0.999989
vt 15.8216 13.978
vt 15.8216 15.3762
f 458/1157/215 457/1158/216 475/1159/216 474/1160/215 

vt 14.5224 13.9832
vt 14.5224 12.585
vn -1.48729e-15 0.00939003 -0.999956
vt 15.8216 12.585
vt 15.8216 13.9832
f 457/1161/216 456/1162/217 476/1163/217 475/1164/216 

vt 14.5224 12.59
vt 14.5224 11.1918
vn -1.48721e-15 0.0140829 -0.999901
vt 15.8216 11.1918
vt 15.8216 12.59
f 456/1165/217 455/1166/218 477/1167/218 476/1168/217 

vt 14.5224 11.1964
vt 14.5224 9.79822
vn -1.4871e-15 0.0187755 -0.999824
vt 15.8216 9.79822
vt 15.8216 11.1964
f 455/1169/218 454/1170/219 478/1171/219 477/1172/218 

vt 14.5224 9.80267
vt 14.5224 8.40447
vn -1.48695e-15 0.0234677 -0.999725
vt 15.8216 8.40447
vt 15.8216 9.80267
f 454/1173/219 453/1174/220 479/1175/220 478/1176/219 

vt 14.5224 8.40872
vt 14.5224 7.01051
vn -1.48677e-15 0.0281594 -0.999603
vt 15.8216 7.01051
vt 15.8216 8.40872
f 453/1177/220 452/1178/221 480/1179/221 479/1180/220 

vt 14.5224 7.01459
vt 14.5224 5.61638
vn -1.48656e-15 0.0328504 -0.99946
vt 15.8216 5.61638
vt 15.8216 7.01459
f 452/1181/221 451/1182/222 481/1183/222 480/1184/221 

vt 14.5224 5.62032
vt 14.5224 4.22212
vn -1.48631e-15 0.0375407 -0.999295
vt 15.8216 4.22212
vt 15.8216 5.62032
f 451/1185/222 450/1186/223 482/1187/223 481/1188/222 

vt 14.5224 4.22595
vt 14.5224 2.82774
vn -1.48603e-15 0.0422302 -0.999108
vt 15.8216 2.82774
vt 15.8216 4.22595
f 450/1189/223 449/1190/224 483/1191/224 482/1192/223 

vt 14.5224 2.8315
vt 14.5224 1.43329
vn -1.48572e-15 0.0469188 -0.998899
vt 15.8216 1.43329
vt 15.8216 2.8315
f 449/1193/224 448/1194/225 484/1195/225 483/1196/224 

vt 14.5224 1.437
vt 14.5224 0.0387895
vn -1.48555e-15 0.0492627 -0.998786
vt 15.8216 0.0387895
vt 15.8216 1.437
f 448/1197/225 447/1198/226 473/1199/226 484/1200/225 

vt -14.5224 0.274117
vn 1.47287e-15 -0.139252 0.990257
vt -14.5224 1.67685
vn 1.47406e-15 -0.133422 0.991059
vt -15.8216 1.67685
vt -15.8216 0.274117
f 446/1201/227 471/1202/228 485/1203/228 472/1204/227 

vt -14.5224 1.65379
vt -14.5224 3.05653
vn 1.47629e-15 -0.121749 0.992561
vt -15.8216 3.05653
vt -15.8216 1.65379
f 471/1205/228 470/1206/229 486/1207/229 485/1208/228 

vt -14.5224 3.03314
vt -14.5224 4.43588
vn 1.47832e-15 -0.11006 0.993925
vt -15.8216 4.43588
vt -15.8216 3.03314
f 470/1209/229 469/1210/230 487/1211/230 486/1212/229 

vt -14.5224 4.41197
vt -14.5224 5.81471
vn 1.48015e-15 -0.0983551 0.995151
vt -15.8216 5.81471
vt -15.8216 4.41197
f 469/1213/230 468/1214/231 488/1215/231 487/1216/230 

vt -14.5224 5.7901
vt -14.5224 7.19283
vn 1.48177e-15 -0.0866367 0.99624
vt -15.8216 7.19283
vt -15.8216 5.7901
f 468/1217/231 467/1218/232 489/1219/232 488/1220/231 

vt -14.5224 7.16732
vt -14.5224 8.57006
vn 1.48318e-15 -0.0749063 0.997191
vt -15.8216 8.57006
vt -15.8216 7.16732
f 467/1221/232 466/1222/233 490/1223/233 489/1224/232 

vt -14.5224 8.54346
vt -14.5224 9.94619
vn 1.48439e-15 -0.0631656 0.998003
vt -15.8216 9.94619
vt -15.8216 8.54346
f 466/1225/233 465/1226/234 491/1227/234 490/1228/233 

vt -14.5224 9.91831
vt -14.5224 11.321
vn 1.48539e-15 -0.0514161 0.998677
vt -15.8216 11.321
vt -15.8216 9.91831
f 465/1229/234 464/1230/235 492/1231/235 491/1232/234 

vt -14.5224 11.2917
vt -14.5224 12.6944
vn 1.48619e-15 -0.0396594 0.999213
vt -15.8216 12.6944
vt -15.8216 11.2917
f 464/1233/235 463/1234/236 493/1235/236 492/1236/235 

vt -14.5224 12.6634
vt -14.5224 14.0662
vn 1.59346e-15 -0.0278973 0.999611
vt -15.8216 14.0662
vt -15.8216 12.6634
f 463/1237/236 462/1238/237 494/1239/237 493/1240/236 

vt -14.5224 15.436
vn 1.59385e-15 -0.0161313 0.99987
v 222.734 22.1314 -28.2112
vt -14.7192 15.436
v 222.734 20.4661 -28.2479
vt -14.7192 14.2793
vn 1.70036e-15 -0.0220147 0.999758
v 221.317 20.4661 -28.2479
vt -15.7035 14.2793
v 221.317 22.1314 -28.2112
vt -15.7035 15.436
vt -15.8216 15.436
vt -15.8216 14.0333
vt -14.5224 14.0333
f 461/1241/238 496/1242/238 497/1243/239 498/1244/239 499/1245/238 495/1246/238 494/1247/237 462/1248/237 

vt -14.5224 16.8039
vn 1.48728e-15 -0.0102474 0.999947
vt -14.7192 16.8039
vt -14.7192 15.4011
vt -14.5224 15.4011
f 336/1249/240 335/1250/240 496/1251/238 461/1252/238 

v 222.734 20.4661 -11.0693
vn 1 0 -1.48736e-15
vt -3.18851 14.2126
f 500/694/241 497/1253/241 496/1114/241 335/1113/241 334/695/241 

v 221.317 20.4661 -11.0693
vt -15.7035 3.18851
vt -14.7192 3.18851
f 501/836/159 498/1254/159 497/1255/159 500/759/159 

f 345/752/212 400/1072/212 499/1073/212 498/1074/212 501/753/212 

vt -15.8216 15.4011
vt -15.7035 15.4011
vt -15.7035 16.8039
vt -15.8216 16.8039
f 495/1256/238 499/1257/238 400/1258/240 399/1259/240 

vt 15.8019 16.7717
vn -1.48736e-15 0 -1
vt 15.7035 16.7717
vt 15.7035 14.2126
v 221.147 20.4661 -11.0693
vt 15.8216 14.2126
v 221.147 24.1512 -11.0693
vt 15.8216 16.7717
f 344/1260/242 345/1261/242 501/1262/242 502/1263/242 503/1264/242 

v 223.018 26.5128 -10.8562
vt 14.5224 19.709
vn 8.25597e-15 0.0971407 -0.995271
vt 14.5224 18.7739
vn 1.79907e-14 0.0898625 -0.995954
vt 14.5224 18.0623
vt 14.7192 18.0623
vt 15.7035 18.0623
vt 15.8019 18.0623
vt 15.8216 18.0623
v 221.147 26.5128 -10.8562
vt 15.8216 19.709
f 504/1265/243 365/1266/244 333/1267/244 334/1268/244 345/1269/244 344/1270/244 503/1271/244 505/1272/243 

v 223.018 17.0381 -10.8984
vn 1 7.99325e-17 -3.1744e-15
vt -15.1821 17.4803
f 506/692/245 365/1273/245 504/696/245

v 223.018 18.7516 -10.9933
f 507/693/245 365/1273/245 506/692/245

f 507/693/245 333/695/245 365/1273/245

v 223.018 20.4661 -11.0693
f 333/695/245 507/693/245 508/694/245

vt 14.5224 13.5293
vn 1.06826e-13 -0.0221442 -0.999755
vt 14.5224 12.3375
v 221.147 18.7516 -10.9933
vt 15.8216 12.3375
vt 15.8216 13.5293
vt 15.7035 13.5293
vt 14.7192 13.5293
f 508/1274/246 507/1275/169 509/1276/169 502/1277/170 501/1278/170 500/1279/246 

vt 14.5224 12.1634
vt 14.5224 10.9716
v 221.147 17.0381 -10.8984
vt 15.8216 10.9716
vt 15.8216 12.1634
f 507/1280/169 506/1281/171 510/1282/171 509/1283/169 

vt 14.5224 10.7962
v 223.018 15.3257 -10.7847
vt 14.5224 9.60441
v 221.147 15.3257 -10.7847
vt 15.8216 9.60441
vt 15.8216 10.7962
f 506/1284/171 511/1285/172 512/1286/172 510/1287/171 

f 506/692/245 504/696/245 511/691/245

v 223.018 28.871 -10.6086
f 511/691/245 504/696/245 513/697/245

vt 14.5224 21.5516
vn -1.47805e-15 0.111681 -0.993744
vt 14.5224 19.905
vt 15.8216 19.905
v 221.147 28.871 -10.6086
vt 15.8216 21.5516
f 513/1288/247 504/1289/243 505/1290/243 514/1291/247 

v 221.147 52.1575 -4.83306
vn -1 3.28801e-31 1.48736e-15
v 221.147 52.1575 -6.02323
vt 18.6223 36.2205
vt 17.9051 33.0859
vt 17.7556 33.1227
vt 17.6977 33.1369
v 221.147 47.5552 -7.39373
v 221.147 45.2419 -7.91482
v 221.147 42.9214 -8.40203
vt 16.9704 29.8065
v 221.147 40.5939 -8.85527
vt 16.6556 28.1902
v 221.147 38.2601 -9.27443
vt 16.3645 26.5695
v 221.147 35.9204 -9.65942
vt 16.0972 24.9447
v 221.147 33.5753 -10.0102
vt 15.8536 23.3162
v 221.147 31.2253 -10.3266
v 221.147 13.6147 -10.6521
v 221.147 11.9052 -10.5007
v 221.147 10.1975 -10.3304
v 221.147 8.49173 -10.1414
v 221.147 6.78819 -9.93352
v 221.147 5.08704 -9.70694
v 221.147 3.38848 -9.46163
v 221.147 1.69274 -9.19762
v 221.147 -1.68444e-30 -8.91495
vt 16.6142 -5.20215e-30
v 221.147 2.16153e-30 -7.21417
vt 17.7953 -2.53134e-30
v 221.147 1.70434 -7.29604
v 221.147 3.40897 -7.37161
v 221.147 5.11387 -7.4409
v 221.147 6.81901 -7.50388
v 221.147 8.52437 -7.56058
v 221.147 10.2299 -7.61097
v 221.147 11.9357 -7.65507
v 221.147 13.6416 -7.69287
v 221.147 15.3476 -7.72438
v 221.147 17.0537 -7.74958
v 221.147 18.7599 -7.76849
v 221.147 20.4661 -7.7811
v 221.147 24.1512 -7.7811
v 221.147 26.4982 -7.69076
v 221.147 28.844 -7.57209
v 221.147 31.1882 -7.4251
v 221.147 33.5305 -7.24983
v 221.147 35.8704 -7.04629
v 221.147 38.2077 -6.81451
v 221.147 40.5421 -6.55453
v 221.147 42.8732 -6.26639
v 221.147 45.2006 -5.95012
v 221.147 47.524 -5.60578
v 221.147 49.8431 -5.23341
f 515/1048/248 516/1292/248 165/1293/248 161/1294/248 160/1295/248 517/710/248 518/717/248 519/1296/248 520/1297/248 521/1298/248 522/1299/248 523/1300/248 524/742/248 514/745/248 505/748/248 503/752/248 502/753/248 509/751/248 510/749/248 512/747/248 525/746/248 526/744/248 527/743/248 528/740/248 529/738/248 530/736/248 531/735/248 532/734/248 533/1301/248 534/1302/248 535/730/248 536/729/248 537/728/248 538/727/248 539/726/248 540/725/248 541/724/248 542/723/248 543/722/248 544/721/248 545/720/248 546/718/248 547/716/248 548/715/248 549/714/248 550/713/248 551/711/248 552/1055/248 553/1054/248 554/1053/248 555/1051/248 556/1050/248 557/1049/248 558/1047/248 

v 223.018 52.1575 -4.83306
vt 14.5224 19.4488
v 223.018 52.1575 -5.31646
vt 14.5224 19.1131
v 222.723 52.1575 -5.40484
vt 14.7274 19.0517
vt 15.8216 18.6223
vt 15.8216 19.4488
f 559/1303/6 560/1304/6 561/1305/6 516/1306/6 515/1307/6 

v 223.018 49.8431 -5.23341
vt -19.1131 36.2205
f 562/657/245 560/1308/245 559/656/245

v 223.018 47.524 -5.60578
f 563/658/245 560/1308/245 562/657/245

v 223.018 45.2006 -5.95012
f 564/659/245 560/1308/245 563/658/245

v 223.018 42.8732 -6.26639
f 565/660/245 560/1308/245 564/659/245

vt -18.415 33.0859
f 565/660/245 164/1309/245 560/1308/245

v 223.018 40.5421 -6.55453
f 566/661/245 164/1309/245 565/660/245

v 223.018 38.2077 -6.81451
f 567/662/245 164/1309/245 566/661/245

v 223.018 35.8704 -7.04629
f 568/663/245 164/1309/245 567/662/245

v 223.018 33.5305 -7.24983
f 569/664/245 164/1309/245 568/663/245

v 223.018 47.8879 -7.31365
vt -17.7262 33.2555
f 569/664/245 570/1310/245 164/1309/245

v 223.018 47.5552 -7.39373
f 569/664/245 571/651/245 570/1310/245

v 223.018 31.1882 -7.4251
f 572/665/245 571/651/245 569/664/245

v 223.018 28.844 -7.57209
f 573/666/245 571/651/245 572/665/245

v 223.018 26.4982 -7.69076
f 574/667/245 571/651/245 573/666/245

v 223.018 24.1512 -7.7811
f 575/668/245 571/651/245 574/667/245

v 223.018 45.2419 -7.91482
f 571/651/245 575/668/245 576/704/245

v 223.018 20.4661 -7.7811
f 577/669/245 576/704/245 575/668/245

v 223.018 20.4661 -8.34802
vt -17.0079 14.2126
f 577/669/245 578/1311/245 576/704/245

v 223.018 18.7599 -7.76849
f 579/670/245 578/1311/245 577/669/245

v 223.018 17.0537 -7.74958
f 580/671/245 578/1311/245 579/670/245

v 223.018 15.3476 -7.72438
f 581/672/245 578/1311/245 580/671/245

v 223.018 13.6416 -7.69287
f 582/673/245 578/1311/245 581/672/245

v 223.018 11.9357 -7.65507
f 583/674/245 578/1311/245 582/673/245

v 223.018 10.2299 -7.61097
f 584/675/245 578/1311/245 583/674/245

v 223.018 8.52437 -7.56058
f 585/676/245 578/1311/245 584/675/245

v 223.018 6.81901 -7.50388
f 586/677/245 578/1311/245 585/676/245

v 223.018 5.11387 -7.4409
f 587/678/245 578/1311/245 586/677/245

v 223.018 3.40897 -7.37161
f 588/679/245 578/1311/245 587/678/245

v 223.018 1.70434 -7.29604
f 589/680/245 578/1311/245 588/679/245

v 223.018 3.50325e-46 -7.21417
vt -17.7953 1.16081e-15
f 590/1312/245 578/1311/245 589/680/245

v 223.018 3.50325e-46 -8.91495
vt -16.6142 1.16081e-15
f 591/1313/245 578/1311/245 590/1312/245

v 223.018 1.69274 -9.19762
f 592/683/245 578/1311/245 591/1313/245

v 223.018 3.38848 -9.46163
f 593/684/245 578/1311/245 592/683/245

v 223.018 5.08704 -9.70694
f 594/685/245 578/1311/245 593/684/245

v 223.018 20.4661 -9.76535
vt -16.0236 14.2126
f 594/685/245 595/1314/245 578/1311/245

v 223.018 6.78819 -9.93352
f 596/686/245 595/1314/245 594/685/245

vt -16.0236 16.7717
f 595/1314/245 596/686/245 341/1315/245

v 223.018 8.49173 -10.1414
f 597/687/245 341/1315/245 596/686/245

v 223.018 29.2668 -10.2751
vt -15.6696 20.3242
f 597/687/245 598/1316/245 341/1315/245

v 223.018 31.2253 -10.3266
f 597/687/245 599/698/245 598/1316/245

v 223.018 10.1975 -10.3304
f 600/688/245 599/698/245 597/687/245

v 223.018 11.9052 -10.5007
f 601/689/245 599/698/245 600/688/245

f 601/689/245 513/697/245 599/698/245

v 223.018 13.6147 -10.6521
f 602/690/245 513/697/245 601/689/245

f 511/691/245 513/697/245 602/690/245

vt 14.5224 9.42772
vt 14.5224 8.23593
vt 15.8216 8.23593
vt 15.8216 9.42772
f 511/1317/172 602/1318/173 525/1319/173 512/1320/172 

vt 14.5224 8.05817
vt 14.5224 6.86638
vt 15.8216 6.86638
vt 15.8216 8.05817
f 602/1321/173 601/1322/174 526/1323/174 525/1324/173 

vt 14.5224 6.68772
vt 14.5224 5.49593
vt 15.8216 5.49593
vt 15.8216 6.68772
f 601/1325/174 600/1326/175 527/1327/175 526/1328/174 

vt 14.5224 5.31653
vt 14.5224 4.12474
vt 15.8216 4.12474
vt 15.8216 5.31653
f 600/1329/175 597/1330/176 528/1331/176 527/1332/175 

vt 14.5224 3.94476
vt 14.5224 2.75297
vt 15.8216 2.75297
vt 15.8216 3.94476
f 597/1333/176 596/1334/177 529/1335/177 528/1336/176 

vt 14.5224 2.57259
vt 14.5224 1.3808
vt 15.8216 1.3808
vt 15.8216 2.57259
f 596/1337/177 594/1338/178 530/1339/178 529/1340/177 

vt 14.5224 1.20018
vt 14.5224 0.00839016
vt 15.8216 0.00839016
vt 15.8216 1.20018
f 594/1341/178 593/1342/179 531/1343/179 530/1344/178 

vt 14.5224 -0.172306
vt 14.5224 -1.36409
vt 15.8216 -1.36409
vt 15.8216 -0.172306
f 593/1345/179 592/1346/180 532/1347/180 531/1348/179 

vt 14.5224 -1.5447
vt 14.5224 -2.73649
vt 15.8216 -2.73649
vt 15.8216 -1.5447
f 592/1349/180 591/1350/181 533/1351/181 532/1352/180 

vt -15.8216 17.7953
vt -15.8216 16.6142
vt -14.5224 16.6142
vt -14.5224 17.7953
f 534/1353/182 533/1354/182 591/1355/182 590/1356/182 

vt -14.5224 -0.853829
vt -14.5224 0.331105
vt -15.8216 0.331105
vt -15.8216 -0.853829
f 590/1357/183 589/1358/184 535/1359/184 534/1360/183 

vt -14.5224 0.396725
vt -14.5224 1.58166
vt -15.8216 1.58166
vt -15.8216 0.396725
f 589/1361/184 588/1362/185 536/1363/185 535/1364/184 

vt -14.5224 1.64727
vt -14.5224 2.8322
vt -15.8216 2.8322
vt -15.8216 1.64727
f 588/1365/185 587/1366/186 537/1367/186 536/1368/185 

vt -14.5224 2.89777
vt -14.5224 4.08271
vt -15.8216 4.08271
vt -15.8216 2.89777
f 587/1369/186 586/1370/187 538/1371/187 537/1372/186 

vt -14.5224 4.14824
vt -14.5224 5.33317
vt -15.8216 5.33317
vt -15.8216 4.14824
f 586/1373/187 585/1374/188 539/1375/188 538/1376/187 

vt -14.5224 5.39863
vt -14.5224 6.58357
vt -15.8216 6.58357
vt -15.8216 5.39863
f 585/1377/188 584/1378/189 540/1379/189 539/1380/188 

vt -14.5224 6.64895
vt -14.5224 7.83388
vt -15.8216 7.83388
vt -15.8216 6.64895
f 584/1381/189 583/1382/190 541/1383/190 540/1384/189 

vt -14.5224 7.89917
vt -14.5224 9.0841
vt -15.8216 9.0841
vt -15.8216 7.89917
f 583/1385/190 582/1386/191 542/1387/191 541/1388/190 

vt -14.5224 9.14927
vt -14.5224 10.3342
vt -15.8216 10.3342
vt -15.8216 9.14927
f 582/1389/191 581/1390/192 543/1391/192 542/1392/191 

vt -14.5224 10.3992
vt -14.5224 11.5842
vt -15.8216 11.5842
vt -15.8216 10.3992
f 581/1393/192 580/1394/193 544/1395/193 543/1396/192 

vt -14.5224 11.6491
vt -14.5224 12.834
vt -15.8216 12.834
vt -15.8216 11.6491
f 580/1397/193 579/1398/194 545/1399/194 544/1400/193 

vt -14.5224 12.8987
vt -14.5224 14.0836
vt -15.8216 14.0836
vt -15.8216 12.8987
f 579/1401/194 577/1402/195 546/1403/195 545/1404/194 

vt -14.5224 14.2126
vt -15.8216 16.7717
vt -15.8216 14.2126
f 577/1405/195 575/775/196 547/1406/196 546/1407/195 

vt -14.5224 17.4285
vt -14.5224 19.0596
vt -15.8216 19.0596
vt -15.8216 17.4285
f 575/1408/196 574/1409/197 548/1410/197 547/1411/196 

vt -14.5224 19.2604
vt -14.5224 20.8915
vt -15.8216 20.8915
vt -15.8216 19.2604
f 574/1412/197 573/1413/198 549/1414/198 548/1415/197 

vt -14.5224 21.0894
vt -14.5224 22.7205
vt -15.8216 22.7205
vt -15.8216 21.0894
f 573/1416/198 572/1417/199 550/1418/199 549/1419/198 

vt -14.5224 22.9151
vt -14.5224 24.5462
vt -15.8216 24.5462
vt -15.8216 22.9151
f 572/1420/199 569/1421/200 551/1422/200 550/1423/199 

vt -14.5224 24.7374
vt -14.5224 26.3685
vt -15.8216 26.3685
vt -15.8216 24.7374
f 569/1424/200 568/1425/201 552/1426/201 551/1427/200 

vt -14.5224 26.556
vt -14.5224 28.1871
vt -15.8216 28.1871
vt -15.8216 26.556
f 568/1428/201 567/1429/202 553/1430/202 552/1431/201 

vt -14.5224 28.3705
vt -14.5224 30.0016
vt -15.8216 30.0016
vt -15.8216 28.3705
f 567/1432/202 566/1433/203 554/1434/203 553/1435/202 

vt -14.5224 30.1809
vt -14.5224 31.812
vt -15.8216 31.812
vt -15.8216 30.1809
f 566/1436/203 565/1437/204 555/1438/204 554/1439/203 

vt -14.5224 31.9867
vt -14.5224 33.6178
vt -15.8216 33.6178
vt -15.8216 31.9867
f 565/1440/204 564/1441/205 556/1442/205 555/1443/204 

vt -14.5224 33.7877
vt -14.5224 35.4188
vt -15.8216 35.4188
vt -15.8216 33.7877
f 564/1444/205 563/1445/206 557/1446/206 556/1447/205 

vt -14.5224 35.5837
vt -14.5224 37.2148
vt -15.8216 37.2148
vt -15.8216 35.5837
f 563/1448/206 562/1449/207 558/1450/207 557/1451/206 

vt -14.5224 37.3743
vt -14.5224 39.0054
vt -15.8216 39.0054
vt -15.8216 37.3743
f 562/1452/207 559/1453/208 515/1454/208 558/1455/207 

vt 14.5224 23.3898
vn -1.47547e-15 0.126198 -0.992005
vt 14.5224 21.7432
vt 15.8216 21.7432
vt 15.8216 23.3898
f 599/1456/249 513/1457/247 514/1458/247 524/1459/249 

v 223.018 33.5753 -10.0102
vt 14.5224 25.2232
vn -1.47257e-15 0.140687 -0.990054
vt 14.5224 23.5766
vt 15.8216 23.5766
vt 15.8216 25.2232
f 603/1460/250 599/1461/249 524/1462/249 523/1463/250 

f 603/699/245 598/1316/245 599/698/245

v 223.018 31.1244 -10.0526
vt -15.8242 21.6142
f 598/1316/245 603/699/245 604/1464/245

v 223.018 31.003 -9.03933
vt -16.5278 21.5299
f 604/1464/245 603/699/245 605/1465/245

v 223.018 35.9204 -9.65942
f 605/1465/245 603/699/245 606/700/245

vt 14.5224 27.0514
vn -1.46935e-15 0.155147 -0.987891
vt 14.5224 25.4047
vt 15.8216 25.4047
vt 15.8216 27.0514
f 606/1466/251 603/1467/250 523/1468/250 522/1469/251 

v 223.018 38.2601 -9.27443
vt 14.5224 28.874
vn -1.46582e-15 0.169573 -0.985518
vt 14.5224 27.2273
vt 15.8216 27.2273
vt 15.8216 28.874
f 607/1470/252 606/1471/251 522/1472/251 521/1473/252 

f 605/1465/245 606/700/245 607/701/245

v 223.018 40.5939 -8.85527
f 605/1465/245 607/701/245 608/702/245

vt 14.5224 30.6905
vn -1.46197e-15 0.183963 -0.982933
vt 14.5224 29.0439
vt 15.8216 29.0439
vt 15.8216 30.6905
f 608/1474/253 607/1475/252 521/1476/252 520/1477/253 

v 223.018 42.9214 -8.40203
vt 14.5224 32.5007
vn -1.45782e-15 0.198314 -0.980139
vt 14.5224 30.8541
vt 15.8216 30.8541
vt 15.8216 32.5007
f 609/1478/254 608/1479/253 520/1480/253 519/1481/254 

v 223.018 24.1512 -8.34802
vt -17.0079 16.7717
f 610/1482/245 608/702/245 609/703/245

f 610/1482/245 605/1465/245 608/702/245

v 223.018 29.1454 -9.26185
vt -16.3733 20.2399
f 610/1482/245 611/1483/245 605/1465/245

f 341/1315/245 611/1483/245 610/1482/245

f 341/1315/245 598/1316/245 611/1483/245

f 604/1464/241 605/1465/241 611/1483/241 598/1316/241 

vt -14.5224 -13.8497
vn 1.7691e-16 0.992901 0.118942
v 223.022 31.0342 -9.29979
vt -14.5191 -13.6675
vt -14.5224 -13.141
f 605/1484/255 612/1485/255 604/1486/255

v 223.583 30.9788 -8.83708
vt -14.1301 -13.9911
f 613/1487/255 612/1485/255 605/1484/255

v 224.666 30.9952 -8.97377
vt -13.3777 -13.8955
f 613/1487/255 614/1488/255 612/1485/255

v 224.902 30.9905 -8.93445
vt -13.2138 -13.923
f 613/1487/255 615/1489/255 614/1488/255

v 225.099 30.9263 -8.39884
vt -13.077 -14.2976
f 616/1490/255 615/1489/255 613/1487/255

v 224.904 31.0241 -9.21526
vt -13.2125 -13.7266
f 615/1489/255 616/1490/255 617/1491/255

v 225.338 31.0369 -9.32238
vt -12.9108 -13.6517
f 616/1490/255 618/1492/255 617/1491/255

v 226.641 30.8853 -8.05617
vt -12.0066 -14.5373
f 619/1493/255 618/1492/255 616/1490/255

v 226.821 30.9975 -8.99283
vt -11.8814 -13.8822
f 619/1493/255 620/1494/255 618/1492/255

v 228.201 30.8558 -7.81044
vt -10.9233 -14.7092
f 621/1495/255 620/1494/255 619/1493/255

v 228.321 30.9692 -8.75649
vt -10.8395 -14.0475
f 621/1495/255 622/1496/255 620/1494/255

v 229.773 30.8381 -7.6626
vt -9.83128 -14.8126
f 623/1497/255 622/1496/255 621/1495/255

v 229.833 30.9521 -8.61432
vt -9.78934 -14.1469
f 623/1497/255 624/1498/255 622/1496/255

v 231.352 30.8322 -7.61326
vt -8.73495 -14.8471
f 625/1499/255 624/1498/255 623/1497/255

v 231.352 30.9464 -8.56686
vt -8.73495 -14.1801
f 625/1499/255 626/1500/255 624/1498/255

v 232.87 30.9521 -8.61432
vt -7.68057 -14.1469
f 625/1499/255 627/1501/255 626/1500/255

v 232.93 30.8381 -7.6626
vt -7.63862 -14.8126
f 628/1502/255 627/1501/255 625/1499/255

v 234.382 30.9692 -8.75649
vt -6.63036 -14.0475
f 628/1502/255 629/1503/255 627/1501/255

v 234.503 30.8558 -7.81044
vt -6.54663 -14.7092
f 630/1504/255 629/1503/255 628/1502/255

v 235.883 30.9975 -8.99283
vt -5.58848 -13.8822
f 630/1504/255 631/1505/255 629/1503/255

v 236.063 30.8853 -8.05617
vt -5.4633 -14.5373
f 632/1506/255 631/1505/255 630/1504/255

v 237.365 31.0369 -9.32238
vt -4.55907 -13.6517
f 632/1506/255 633/1507/255 631/1505/255

v 237.604 30.9263 -8.39884
vt -4.39293 -14.2976
f 634/1508/255 633/1507/255 632/1506/255

v 237.799 31.0241 -9.21526
vt -4.25744 -13.7266
f 635/1509/255 633/1507/255 634/1508/255

v 237.927 31.0267 -9.23654
vt -4.16872 -13.7117
f 636/1510/255 633/1507/255 635/1509/255

v 238.824 31.0874 -9.74386
vt -3.54619 -13.3569
f 636/1510/255 637/1511/255 633/1507/255

v 239.679 31.0683 -9.58404
vt -2.95206 -13.4687
f 638/1512/255 637/1511/255 636/1510/255

v 239.686 31.1244 -10.0526
vt -2.94755 -13.141
f 638/1512/255 639/1513/255 637/1511/255

v 239.686 31.003 -9.03933
vt -2.94755 -13.8497
f 639/1513/255 638/1512/255 640/1514/255

v 239.681 31.0342 -9.29979
vt -2.95076 -13.6675
f 640/1514/255 638/1512/255 641/1515/255

v 225.238 47.3458 -6.43826
vt -19.5063 32.1614
vn 0.753026 0.653889 0.0733605
v 224.825 47.8299 -6.51383
vt -19.4819 32.6057
v 224.858 47.7602 -6.22912
vt -19.6765 32.5417
v 225.206 47.3525 -6.16547
vt -19.6971 32.1676
v 226.578 45.7547 -6.01128
vt -19.7112 30.701
v 227.959 44.1578 -5.95232
vt -19.659 29.2352
v 229.346 42.5651 -5.98872
vt -19.5405 27.7734
v 230.735 40.9799 -6.12041
vt -19.3559 26.3183
v 231.352 40.2809 -6.22106
vt -19.2448 25.6768
v 232.124 39.4054 -6.34712
vt -19.1056 24.8732
v 233.511 37.8448 -6.66837
vt -18.7903 23.4408
v 234.891 36.3014 -7.08352
vt -18.4103 22.0242
v 236.263 34.7784 -7.5917
vt -17.9667 20.6262
v 237.624 33.2787 -8.19189
vt -17.4603 19.2498
v 238.971 31.8056 -8.88285
vt -16.892 17.8976
vt -16.556 17.1896
vt -16.3597 17.2209
v 238.922 31.8905 -9.13963
vt -16.7178 17.9755
v 237.583 33.3549 -8.45275
vt -17.2827 19.3197
v 236.231 34.8457 -7.85609
vt -17.7862 20.688
v 234.867 36.3598 -7.3509
vt -18.2272 22.0778
v 233.494 37.8941 -6.9382
vt -18.6049 23.4861
v 232.116 39.4455 -6.61884
vt -18.9184 24.91
v 231.352 40.3115 -6.49414
vt -19.056 25.7049
v 230.735 41.0107 -6.39347
vt -19.1672 26.3466
v 229.354 42.5866 -6.26256
vt -19.3507 27.7931
v 227.975 44.1699 -6.22637
vt -19.4685 29.2463
v 226.602 45.7574 -6.28497
vt -19.5204 30.7034
f 642/1516/256 643/1517/256 644/1518/256 645/1519/256 646/1520/256 647/1521/256 648/1522/256 649/1523/256 650/1524/256 651/1525/256 652/1526/256 653/1527/256 654/1528/256 655/1529/256 656/1530/256 641/1531/256 638/1532/256 657/1533/256 658/1534/256 659/1535/256 660/1536/256 661/1537/256 662/1538/256 663/1539/256 664/1540/256 665/1541/256 666/1542/256 667/1543/256 

v 224.171 46.4191 -6.54224
vt 11.1778 31.3801
vn 0.117924 -0.0244284 -0.992722
v 223.035 47.7507 -6.75016
vt 11.9789 32.3057
vn 0.132548 -0.04154 -0.990306
vt 11.8768 32.3122
vt 10.7248 32.3607
vt 10.4336 32.0243
f 668/1544/257 669/1545/258 167/1546/258 643/1547/258 642/1548/257 

v 224.138 46.4258 -6.26944
vt 19.6971 32.1676
vn -0.753026 -0.653889 -0.0733605
v 223.065 47.6837 -6.46585
vt 19.6336 33.3222
vt 19.4391 33.3837
vt 19.5063 32.1614
v 225.535 44.8306 -6.38895
vt 19.5204 30.7034
v 226.908 43.2431 -6.33034
vt 19.4685 29.2463
v 228.286 41.6598 -6.36653
vt 19.3507 27.7931
v 229.667 40.0839 -6.49745
vt 19.1672 26.3466
v 231.049 38.5187 -6.72281
vt 18.9184 24.91
v 231.352 38.1775 -6.79305
vt 18.8494 24.5968
v 232.427 36.9673 -7.04218
vt 18.6049 23.4861
v 233.799 35.433 -7.45488
vt 18.2272 22.0778
v 235.163 33.9189 -7.96007
vt 17.7862 20.688
v 236.516 32.4281 -8.55672
vt 17.2827 19.3197
vt 16.7411 18.031
v 237.801 30.9905 -8.93445
vt 16.9351 18.0001
v 236.557 32.3519 -8.29587
vt 17.4603 19.2498
v 235.196 33.8516 -7.69568
vt 17.9667 20.6262
v 233.824 35.3747 -7.18749
vt 18.4103 22.0242
v 232.443 36.918 -6.77235
vt 18.7903 23.4408
v 231.352 38.1468 -6.51939
vt 19.0386 24.5686
v 231.057 38.4786 -6.45109
vt 19.1056 24.8732
v 229.668 40.0531 -6.22439
vt 19.3559 26.3183
v 228.278 41.6383 -6.0927
vt 19.5405 27.7734
v 226.892 43.231 -6.0563
vt 19.659 29.2352
v 225.511 44.8279 -6.11525
vt 19.7112 30.701
f 670/1549/259 671/1550/259 669/1551/259 668/1552/259 672/1553/259 673/1554/259 674/1555/259 675/1556/259 676/1557/259 677/1558/259 678/1559/259 679/1560/259 680/1561/259 681/1562/259 635/1563/259 682/1564/259 683/1565/259 684/1566/259 685/1567/259 686/1568/259 687/1569/259 688/1570/259 689/1571/259 690/1572/259 691/1573/259 692/1574/259 

vt -10.4311 32.0213
vn -0.117916 0.0244226 0.992723
vt -10.6763 32.3046
vn -0.132532 0.0415285 0.990308
vt -11.9161 32.2522
vt -11.9321 32.2514
vt -11.1753 31.3771
f 645/1575/260 644/1576/261 162/1577/261 671/1578/261 670/1579/260 

vt -10.8068 30.9852
vn -0.0885036 -0.00982366 0.996027
vt -10.0621 31.6288
vt -11.0212 32.7385
vt -11.7658 32.0948
f 692/1580/262 646/1581/262 645/1582/260 670/1583/260 

vt -10.4283 30.534
vn -0.0589015 -0.0440556 0.997291
vt -9.6838 31.1778
vt -10.6432 32.2872
vt -11.3877 31.6433
f 691/1584/263 647/1585/263 646/1586/262 692/1587/262 

vt -10.0389 30.0253
vn -0.0291786 -0.0781972 0.996511
vt -9.2953 30.6701
vt -10.2561 31.7782
vt -10.9998 31.1334
f 690/1588/264 648/1589/264 647/1590/263 691/1591/263 

vt -9.63807 29.4614
vn 0.000604046 -0.112178 0.993688
vt -8.89595 30.1079
vt -9.85936 31.2138
vt -10.6015 30.5673
f 689/1592/265 649/1593/265 648/1594/264 690/1595/264 

v 231.352 38.7345 -6.42238
vt -9.02061 29.0241
vn 0.0303855 -0.14593 0.988828
vt -8.48502 29.4939
vt -9.0228 30.107
vn 0.0154987 -0.129087 0.991512
vt -9.45215 30.5965
vt -10.1921 29.9475
vt -9.22496 28.8449
f 693/1596/266 651/1597/266 650/1598/267 649/1599/265 689/1600/265 688/1601/266 

vt -8.79878 28.1785
vn 0.0601046 -0.179382 0.981942
vt -8.0617 28.8308
vt -9.0337 29.9291
vt -9.56721 29.457
vt -9.77077 29.2768
vt -9.56412 29.0433
vn 0.0452566 -0.162698 0.985638
f 686/1602/268 652/1603/268 651/1604/266 693/1605/266 688/1606/266 687/1607/269 

vt -8.35861 27.4651
vn 0.0897006 -0.212467 0.973042
vt -7.62512 28.1215
vt -8.60313 29.2145
vt -9.33661 28.5581
f 685/1608/270 653/1609/270 652/1610/268 686/1611/268 

vt -7.90347 26.7081
vn 0.119113 -0.245116 0.962149
vt -7.17433 27.3693
vt -8.15951 28.4558
vt -8.88866 27.7947
f 684/1612/271 654/1613/271 653/1614/270 685/1615/270 

vt -7.4323 25.911
vn 0.148281 -0.277263 0.949283
vt -6.70828 26.5777
vt -7.70183 27.6566
vt -8.42585 26.9898
f 683/1616/272 655/1617/272 654/1618/271 684/1619/271 

vt -7.94706 26.1474
vt -7.01998 25.1585
vn 0.162754 -0.293127 0.942119
v 238.037 30.9952 -8.97377
vt -6.8538 25.1619
vn 0.177145 -0.308841 0.934472
vt -6.2259 25.7506
vt -7.229 26.8206
f 683/1620/272 682/1621/273 694/1622/274 656/1623/274 655/1624/272 

vn 5.65488e-16 0.992901 0.118942
vt -4.25615 -13.923
vt -4.09222 -13.8955
f 641/1515/275 638/1512/275 636/1510/275 635/1509/275 682/1625/275 694/1626/275 

v 240.244 30.4554 -9.91534
vt -16.0927 16.6583
v 240.296 30.3662 -9.66086
vt -16.265 16.5765
f 695/1627/256 638/1532/256 641/1531/256 696/1628/256 

vt 6.73689 25.9487
vn -0.177145 0.308841 -0.934472
vt 6.15946 25.3451
vn -0.191444 0.324397 -0.926345
vt 7.39978 25.3145
f 657/1629/276 638/1630/277 636/1631/276

vt 6.22885 25.7537
vt 6.89812 25.1263
vt 6.98806 25.1244
vn -0.162754 0.293127 -0.942119
vt 7.94411 26.1443
vn -0.148281 0.277263 -0.949283
vt 7.22605 26.8174
f 657/1632/276 636/1633/276 635/1634/278 681/1635/279 658/1636/279 

vt 6.71121 26.5809
vt 7.43523 25.9141
vt 8.42292 26.9867
vn -0.119113 0.245116 -0.962149
vt 7.69891 27.6534
f 658/1637/279 681/1638/279 680/1639/280 659/1640/280 

vt 7.17723 27.3725
vt 7.90637 26.7113
vt 8.88576 27.7915
vn -0.0897006 0.212467 -0.973042
vt 8.15661 28.4526
f 659/1641/280 680/1642/280 679/1643/281 660/1644/281 

vt 7.628 28.1247
vt 8.36149 27.4684
vt 9.33373 28.5549
vn -0.0601046 0.179382 -0.981942
vt 8.60025 29.2112
f 660/1645/281 679/1646/281 678/1647/282 661/1648/282 

vt 8.06457 28.834
vt 8.80164 28.1817
vt 9.5554 29.0335
vn -0.0452566 0.162698 -0.985638
vt 9.76791 29.2736
vn -0.0303855 0.14593 -0.988828
v 231.352 38.7819 -6.69329
vt 9.55858 29.4588
vt 9.03083 29.9259
f 661/1649/282 678/1650/282 677/1651/283 676/1652/284 697/1653/284 662/1654/284 

vt 9.01767 29.0325
vt 9.22781 28.8481
vt 10.1892 29.9443
vn -0.000604046 0.112178 -0.993688
vt 9.4493 30.5933
vt 9.01983 30.1037
vn -0.0154987 0.129087 -0.991512
vt 8.48787 29.4972
f 697/1655/284 676/1656/284 675/1657/285 664/1658/285 663/1659/286 662/1660/284 

vt 8.89878 30.1112
vt 9.64091 29.4647
vt 10.5987 30.564
vn 0.0291786 0.0781972 -0.996511
vt 9.85653 31.2106
f 664/1661/285 675/1662/285 674/1663/287 665/1664/287 

vt 9.29813 30.6733
vt 10.0418 30.0285
vt 10.9969 31.1301
vn 0.0589015 0.0440556 -0.997291
vt 10.2533 31.7749
f 665/1665/287 674/1666/287 673/1667/288 666/1668/288 

vt 9.68662 31.1811
vt 10.4311 30.5372
vt 11.3848 31.6401
vn 0.0885036 0.00982366 -0.996027
vt 10.6404 32.2839
f 666/1669/288 673/1670/288 672/1671/289 667/1672/289 

vt 10.0649 31.6321
vt 10.8096 30.9885
vt 11.763 32.0916
vt 11.0183 32.7352
f 667/1673/289 672/1674/289 668/1675/257 642/1676/257 

f 634/1508/255 682/1625/255 635/1509/255

f 634/1508/255 694/1626/255 682/1625/255

v 239.121 30.9788 -8.83708
vt -3.33976 -13.9911
f 698/1677/255 694/1626/255 634/1508/255

f 698/1677/255 641/1515/255 694/1626/255

f 641/1515/255 698/1677/255 640/1514/255

v 239.121 29.1212 -9.0596
vt -8.77717 21.7052
vn 0.30951 -0.113102 0.944146
v 239.686 29.1454 -9.26185
vt -8.36057 21.7221
vn 0.339275 -0.111888 0.93401
vt -8.41333 23.0202
vt -8.82993 23.0033
f 699/1678/290 700/1679/291 640/1680/291 698/1681/290 

v 223.583 29.1212 -9.0596
vt 14.1301 -13.9911
vn -1.8764e-16 -0.992901 -0.118942
vt 14.5224 -13.8497
vt 14.5224 -13.141
v 223.88 29.2298 -9.96638
vt 13.9237 -13.3569
v 225.338 29.1794 -9.54491
vt 12.9108 -13.6517
v 226.821 29.1399 -9.21535
vt 11.8814 -13.8822
v 228.321 29.1116 -8.97902
vt 10.8395 -14.0475
v 229.833 29.0945 -8.83684
vt 9.78934 -14.1469
v 231.352 29.0888 -8.78939
vt 8.73495 -14.1801
v 232.87 29.0945 -8.83684
vt 7.68057 -14.1469
v 234.382 29.1116 -8.97902
vt 6.63036 -14.0475
v 235.883 29.1399 -9.21535
vt 5.58848 -13.8822
v 237.365 29.1794 -9.54491
vt 4.55907 -13.6517
v 238.824 29.2298 -9.96638
vt 3.54619 -13.3569
vt 2.94755 -13.141
vt 2.94755 -13.8497
vt 3.33976 -13.9911
v 237.604 29.0687 -8.62136
vt 4.39293 -14.2976
v 236.063 29.0277 -8.2787
vt 5.4633 -14.5373
v 234.503 28.9982 -8.03296
vt 6.54663 -14.7092
v 232.93 28.9805 -7.88513
vt 7.63862 -14.8126
v 231.352 28.9746 -7.83579
vt 8.73495 -14.8471
v 229.773 28.9805 -7.88513
vt 9.83128 -14.8126
v 228.201 28.9982 -8.03296
vt 10.9233 -14.7092
v 226.641 29.0277 -8.2787
vt 12.0066 -14.5373
v 225.099 29.0687 -8.62136
vt 13.077 -14.2976
f 701/1682/292 611/1683/292 598/1684/292 702/1685/292 703/1686/292 704/1687/292 705/1688/292 706/1689/292 707/1690/292 708/1691/292 709/1692/292 710/1693/292 711/1694/292 712/1695/292 318/1696/292 700/1697/292 699/1698/292 713/1699/292 714/1700/292 715/1701/292 716/1702/292 717/1703/292 718/1704/292 719/1705/292 720/1706/292 721/1707/292 

vt -8.00683 23.6876
vn -0.339275 -0.111888 0.93401
vt -8.05959 22.3895
vt -7.643 22.3725
vn -0.30951 -0.113102 0.944146
vt -7.59024 23.6707
f 605/1708/293 611/1709/293 701/1710/294 613/1711/294 

vt -7.81842 22.3178
vn -0.249092 -0.115193 0.961605
vt -7.77495 23.6162
vt -8.87121 23.6529
vt -8.91468 22.3545
f 721/1712/295 616/1713/295 613/1714/294 701/1715/294 

vt -7.96042 22.2596
vn -0.187687 -0.116829 0.975256
vt -7.92642 23.5584
vt -9.02292 23.5871
vt -9.05692 22.2883
f 720/1716/296 619/1717/296 616/1718/295 721/1719/295 

vt -8.06837 22.199
vn -0.125539 -0.118001 0.985046
vt -8.04399 23.498
vt -9.14067 23.5186
vt -9.16505 22.2196
f 719/1720/297 621/1721/297 619/1722/296 720/1723/296 

vt -8.14179 22.137
vn -0.0628941 -0.118707 0.990935
vt -8.12712 23.4362
vt -9.22392 23.4485
vt -9.23859 22.1494
f 718/1724/298 623/1725/298 621/1726/297 719/1727/297 

vt -8.18036 22.0747
vn 6.60983e-16 -0.118942 0.992901
vt -8.17546 23.3739
vt -9.27233 23.378
vt -9.27723 22.0788
f 717/1728/299 625/1729/299 623/1730/298 718/1731/298 

vt -8.1839 22.013
vn 0.0628941 -0.118707 0.990935
vt -8.1888 23.3122
vt -9.28567 23.3081
vt -9.28077 22.0089
f 716/1732/300 628/1733/300 625/1734/299 717/1735/299 

vt -8.15241 21.953
vn 0.125539 -0.118001 0.985046
vt -8.16708 23.2522
vt -9.26389 23.2398
vt -9.24922 21.9407
f 715/1736/301 630/1737/301 628/1738/300 716/1739/300 

vt -8.08602 21.8958
vn 0.187687 -0.116829 0.975256
vt -8.1104 23.1948
vt -9.20709 23.1742
vt -9.1827 21.8752
f 714/1740/302 632/1741/302 630/1742/301 715/1743/301 

vt -7.98503 21.8422
vn 0.249092 -0.115193 0.961605
vt -8.01903 23.141
vt -9.11553 23.1123
vt -9.08153 21.8135
f 713/1744/303 634/1745/303 632/1746/302 714/1747/302 

vt -7.84989 21.7933
vt -7.89336 23.0917
vt -8.98962 23.0551
vt -8.94615 21.7566
f 699/1748/290 698/1749/290 634/1750/303 713/1751/303 

vt 7.66396 22.3734
vn 0.30951 0.113102 -0.944146
vt 8.29982 22.3992
vn 0.339275 0.111888 -0.93401
vt 8.24706 23.6974
v 223.88 31.0874 -9.74386
vt 7.6112 23.6715
f 702/1752/304 598/1753/305 604/1754/305 722/1755/304 

v 223.024 31.0683 -9.58404
vt -14.5178 -13.4687
vt -13.9237 -13.3569
f 723/1756/255 722/1757/255 604/1486/255

v 224.776 31.0267 -9.23654
vt -13.3012 -13.7117
f 724/1758/255 722/1757/255 723/1756/255

f 617/1491/255 722/1757/255 724/1758/255

f 617/1491/255 618/1492/255 722/1757/255

vt 7.79593 23.6169
vn 0.249092 0.115193 -0.961605
vt 7.83939 22.3185
vt 8.89371 22.3538
vt 8.85024 23.6522
f 618/1759/306 703/1760/306 702/1761/304 722/1762/304 

vt 7.9474 23.5589
vn 0.187687 0.116829 -0.975256
vt 7.9814 22.2601
vt 9.03594 22.2878
vt 9.00195 23.5865
f 620/1763/307 704/1764/307 703/1765/306 618/1766/306 

vt 8.06497 23.4984
vn 0.125539 0.118001 -0.985046
vt 8.08935 22.1994
vt 9.14407 22.2192
vt 9.11969 23.5182
f 622/1767/308 705/1768/308 704/1769/307 620/1770/307 

vt 8.1481 23.4364
vn 0.0628941 0.118707 -0.990935
vt 8.16277 22.1373
vt 9.21761 22.1492
vt 9.20294 23.4483
f 624/1771/309 706/1772/309 705/1773/308 622/1774/308 

vt 8.19645 23.374
vn -1.04628e-15 0.118942 -0.992901
vt 8.20134 22.0748
vt 9.25624 22.0787
vt 9.25135 23.3779
f 626/1775/310 707/1776/310 706/1777/309 624/1778/309 

vt 8.20979 23.3121
vn -0.0628941 0.118707 -0.990935
vt 8.20489 22.0129
vt 9.25979 22.0089
vt 9.26468 23.3082
f 627/1779/311 708/1780/311 707/1781/310 626/1782/310 

vt 8.18806 23.2519
vn -0.125539 0.118001 -0.985046
vt 8.17339 21.9528
vt 9.22823 21.9409
vt 9.2429 23.24
f 629/1783/312 709/1784/312 708/1785/311 627/1786/311 

vt 8.13139 23.1944
vn -0.187687 0.116829 -0.975256
vt 8.107 21.8954
vt 9.16172 21.8756
vt 9.18611 23.1746
f 631/1787/313 710/1788/313 709/1789/312 629/1790/312 

vt 8.04 23.1405
vn -0.249092 0.115193 -0.961605
vt 8.00601 21.8417
vt 9.06055 21.8141
vt 9.09455 23.1129
f 633/1791/314 711/1792/314 710/1793/313 631/1794/313 

vt 7.91433 23.091
vn -0.30951 0.113102 -0.944146
vt 7.87086 21.7926
vt 8.92518 21.7573
vt 8.96865 23.0558
f 637/1795/315 712/1796/315 711/1797/314 633/1798/314 

vt 8.1731 23.03
vn -0.339275 0.111888 -0.93401
vt 8.12034 21.7319
vt 8.7562 21.706
vt 8.80896 23.0042
f 639/1799/316 318/1800/316 712/1801/315 637/1802/315 

v 239.686 33.5753 -10.0102
vt 15.8242 21.6142
f 725/1300/157 318/741/157 639/1803/157

f 318/741/157 725/1300/157 319/742/157

vt 1.64834 25.2232
vt 1.64834 23.5766
vt 2.94755 23.5766
vt 2.94755 25.2232
f 281/1804/250 280/1805/249 319/1806/249 725/1807/250 

vt 1.64834 23.3898
vt 1.64834 21.7432
vt 2.94755 21.7432
vt 2.94755 23.3898
f 280/1808/249 279/1809/247 322/1810/247 319/1811/249 

vt 1.64834 21.5516
vt 1.64834 19.905
vt 2.94755 19.905
vt 2.94755 21.5516
f 279/1812/247 278/1813/165 325/1814/165 322/1815/247 

vt 1.64834 27.0514
vt 1.64834 25.4047
vt 2.94755 25.4047
v 239.686 35.9204 -9.65942
vt 2.94755 27.0514
f 282/1816/251 281/1817/250 725/1818/250 726/1819/251 

vt 16.5278 21.5299
f 725/1300/157 640/1820/157 726/1299/157

f 725/1300/157 639/1803/157 640/1820/157

vt 16.3733 20.2399
f 640/1820/212 639/1803/212 318/741/212 700/1821/212 

f 318/741/157 316/739/157 700/1821/157

f 700/1821/157 316/739/157 296/719/157

vn 1 3.65371e-14 2.80293e-14
vt -17.1654 17.4803
v 239.686 24.1512 -8.12125
vt -17.1654 16.7717
f 316/1315/317 329/695/317 327/1273/317 367/1822/317 727/1823/317 296/1482/317 

vt -15.1181 17.4803
vn 1 0 4.43013e-13
f 368/1824/318 327/1273/318 329/695/318

v 223.018 24.1512 -8.12125
vn 5.9918e-16 2.4461e-32 1
f 728/775/319 727/874/319 367/879/319 366/770/319 

vt -14.5224 17.1654
vt -14.5224 17.0079
vt -2.94755 17.0079
vt -2.94755 17.1654
f 728/1825/159 610/1826/159 296/1827/159 727/1828/159 

vt 17.1654 17.4803
vn -1 -2.49044e-14 -2.06875e-14
vt 17.1654 16.7717
f 366/1829/320 365/750/320 333/752/320 341/739/320 610/719/320 728/1830/320 

vt 15.1181 17.4803
f 342/1831/212 333/752/212 365/750/212

vt 2.94755 17.0079
vt 2.94755 16.0236
vt 14.5224 16.0236
vt 14.5224 17.0079
f 296/1832/6 316/1833/6 341/1834/6 610/1835/6 

vt 14.5224 14.2126
vt 14.5224 16.7717
f 316/754/242 314/757/242 595/1836/242 341/1837/242 

f 314/768/159 308/1827/159 578/1826/159 595/769/159 

vn 1.48736e-15 0 1
f 308/997/321 296/874/321 610/775/321 578/1405/321 

f 610/1482/245 576/704/245 578/1311/245

f 610/1482/245 609/703/245 576/704/245

vt 14.5224 34.3041
vn -1.45335e-15 0.212622 -0.977135
vt 14.5224 32.6575
vt 15.8216 32.6575
vt 15.8216 34.3041
f 576/1838/322 609/1839/254 519/1840/254 518/1841/322 

vt 14.5224 36.1004
vn -3.14585e-15 0.226885 -0.973922
vt 14.5224 34.4537
vt 15.8216 34.4537
vt 15.8216 36.1004
f 571/1842/323 576/1843/322 518/1844/322 517/1845/323 

vt 15.8216 36.2424
vt 15.8216 36.3582
vn -4.84054e-15 0.233998 -0.972237
vt 15.7962 36.3606
vt 14.5224 36.4801
vt 14.5224 36.2424
f 517/1846/323 160/1847/324 159/1848/324 570/1849/324 571/1850/323 

vt -7.04242 -12.5768
vn -0.093429 0.966748 0.238055
vt -8.23846 -13.0313
vt -8.24107 -13.0962
vt -8.18648 -13.24
vt -6.79079 -13.24
f 570/1851/325 159/1852/100 161/1853/100 165/1854/325 164/1855/325 

vt 6.74899 40.2413
vn 0.357323 0.208327 -0.910451
vt 6.79079 37.0364
vt 8.18648 37.0364
vt 7.92444 40.2413
f 561/1856/326 164/1857/326 165/1858/326 516/1859/326 

vt -6.77675 37.0364
vn -0.31918 -0.208499 0.924474
vt -6.74899 40.2413
vn -0.331962 -0.20848 0.919966
vt -6.79079 37.0364
vn -0.357323 -0.208327 0.910451
f 163/1860/327 561/1861/328 164/1862/329

vt -7.14675 36.903
vn -0.241333 -0.208499 0.94778
vt -7.11452 40.6237
vt -8.64907 40.6237
vt -8.6446 40.108
vt -8.61684 36.903
f 169/1863/330 225/1864/330 224/1865/327 561/1866/328 163/1867/327 

vt -7.46233 36.7638
vn -0.16182 -0.208499 0.964543
vt -7.4301 40.4844
vt -8.96465 40.4844
vt -8.93243 36.7638
f 171/1868/331 226/1869/331 225/1870/330 169/1871/330 

vt -7.72132 36.6195
vn -0.0811903 -0.208499 0.974647
vt -7.68909 40.3402
vt -9.22365 40.3402
vt -9.19142 36.6195
f 173/1872/332 227/1873/332 226/1874/331 171/1875/331 

vt -7.92194 36.4713
vn 1.4558e-15 -0.208499 0.978023
vt -7.88971 40.1919
vt -9.42426 40.1919
vt -9.39203 36.4713
f 175/1876/333 228/1877/333 227/1878/332 173/1879/332 

vt -8.06279 36.3201
vn 0.0811903 -0.208499 0.974647
vt -8.03056 40.0407
vt -9.56511 40.0407
vt -9.53289 36.3201
f 177/1880/334 229/1881/334 228/1882/333 175/1883/333 

vt -8.14291 36.167
vn 0.16182 -0.208499 0.964543
vt -8.11068 39.8876
vt -9.64523 39.8876
vt -9.613 36.167
f 179/1884/335 230/1885/335 229/1886/334 177/1887/334 

vt -8.16174 36.013
vt -8.12951 39.7337
vt -9.66406 39.7337
vt -9.63183 36.013
f 181/1888/152 231/1889/152 230/1890/335 179/1891/335 

vt -8.24685 37.0364
vt -8.18648 37.0364
vt -7.92444 40.2413
vt -6.74452 40.757
vt -8.27908 40.757
f 139/1892/92 165/1893/329 516/1894/329 561/1861/328 224/1895/327 140/1896/92 

vt 8.63083 36.9079
vn 0.280488 0.208675 -0.9369
vt 8.6446 40.1131
vt 8.4306 40.1131
f 164/1897/336 561/1898/336 560/1899/336

f 700/1821/157 296/719/157 640/1820/157

v 239.686 40.5939 -8.85527
f 640/1820/157 296/719/157 729/1297/157

v 239.686 42.9214 -8.40203
f 729/1297/157 296/719/157 730/1296/157

f 730/1296/157 296/719/157 294/717/157

vt 1.64834 34.3041
vt 1.64834 32.6575
vt 2.94755 32.6575
vt 2.94755 34.3041
f 286/1900/322 285/1901/254 730/1902/254 294/1903/322 

vt 1.64834 32.5007
vt 1.64834 30.8541
vt 2.94755 30.8541
vt 2.94755 32.5007
f 285/1904/254 284/1905/253 729/1906/253 730/1907/254 

vt 1.64834 30.6905
vt 1.64834 29.0439
v 239.686 38.2601 -9.27443
vt 2.94755 29.0439
vt 2.94755 30.6905
f 284/1908/253 283/1909/252 731/1910/252 729/1911/253 

vt 1.64834 28.874
vt 1.64834 27.2273
vt 2.94755 27.2273
vt 2.94755 28.874
f 283/1912/252 282/1913/251 726/1914/251 731/1915/252 

f 726/1299/157 640/1820/157 731/1298/157

f 731/1298/157 640/1820/157 729/1297/157

vt 1.64834 36.1004
vt 1.64834 34.4537
vt 2.94755 34.4537
vt 2.94755 36.1004
f 237/1916/155 286/1917/322 294/1918/322 287/1919/155 

vt 10.3168 25.998
vn 0.177145 0.308841 -0.934472
v 223.782 31.8905 -9.13963
vt 10.9861 26.6255
v 225.12 33.3549 -8.45275
vt 9.98886 27.6892
vn 0.148281 0.277263 -0.949283
v 226.187 32.4281 -8.55672
vt 9.27081 27.016
vt 10.2269 25.9962
vn 0.162754 0.293127 -0.942119
f 724/1920/337 732/1921/337 733/1922/338 734/1923/338 617/1924/339 

vt 10.9489 26.492
vn 0.191444 0.324397 -0.926345
vt 10.3715 27.0956
vt 9.70859 26.4615
f 723/1925/340 732/1926/337 724/1927/337

v 237.878 47.8299 -6.51383
vt 17.788 21.2361
vn -0.753026 0.653889 0.0733605
v 237.465 47.3458 -6.43826
vt 17.8124 20.7919
v 236.101 45.7574 -6.28497
vt 17.8265 19.3339
v 234.728 44.1699 -6.22637
vt 17.7746 17.8768
v 233.35 42.5866 -6.26256
vt 17.6567 16.4235
v 231.969 41.0107 -6.39347
vt 17.4733 14.9771
vt 17.3621 14.3353
v 230.588 39.4455 -6.61884
vt 17.2245 13.5404
v 229.209 37.8941 -6.9382
vt 16.911 12.1165
v 227.837 36.3598 -7.3509
vt 16.5333 10.7082
v 226.473 34.8457 -7.85609
vt 16.0923 9.31849
vt 15.5888 7.95014
vt 15.0239 6.60598
vt 14.6658 5.85135
vt 14.8621 5.82009
v 223.733 31.8056 -8.88285
vt 15.1981 6.52809
v 225.079 33.2787 -8.19189
vt 15.7663 7.88021
v 226.44 34.7784 -7.5917
vt 16.2728 9.25667
v 227.812 36.3014 -7.08352
vt 16.7164 10.6546
v 229.193 37.8448 -6.66837
vt 17.0963 12.0713
v 230.579 39.4054 -6.34712
vt 17.4117 13.5036
vt 17.5509 14.3072
v 231.968 40.9799 -6.12041
vt 17.662 14.9488
v 233.358 42.5651 -5.98872
vt 17.8465 16.4038
v 234.744 44.1578 -5.95232
vt 17.9651 17.8657
v 236.125 45.7547 -6.01128
vt 18.0173 19.3314
v 237.498 47.3525 -6.16547
vt 18.0031 20.798
v 237.846 47.7602 -6.22912
vt 17.9826 21.1722
f 735/1928/341 736/1929/341 737/1930/341 738/1931/341 739/1932/341 740/1933/341 663/1934/341 741/1935/341 742/1936/341 743/1937/341 744/1938/341 733/1939/341 732/1940/341 723/1941/341 612/1942/341 745/1943/341 746/1944/341 747/1945/341 748/1946/341 749/1947/341 750/1948/341 650/1949/341 751/1950/341 752/1951/341 753/1952/341 754/1953/341 755/1954/341 756/1955/341 

v 239.669 47.7507 -6.75016
vt 5.33655 32.402
vn -0.132548 -0.04154 -0.990306
v 238.533 46.4191 -6.54224
vt 6.1377 31.4764
vn -0.117924 -0.0244284 -0.992722
vt 6.88189 32.1205
vt 6.5907 32.457
vt 5.43872 32.4085
f 757/1956/342 758/1957/343 736/1958/343 735/1959/342 185/1960/342 

v 239.638 47.6837 -6.46585
vt -17.9397 21.9526
vn 0.753026 -0.653889 -0.0733605
v 238.565 46.4258 -6.26944
vt -18.0031 20.798
v 237.193 44.8279 -6.11525
vt -18.0173 19.3314
v 235.812 43.231 -6.0563
vt -17.9651 17.8657
v 234.425 41.6383 -6.0927
vt -17.8465 16.4038
v 233.036 40.0531 -6.22439
vt -17.662 14.9488
v 231.646 38.4786 -6.45109
vt -17.4117 13.5036
vt -17.3447 13.1991
v 230.26 36.918 -6.77235
vt -17.0963 12.0713
v 228.879 35.3747 -7.18749
vt -16.7164 10.6546
v 227.507 33.8516 -7.69568
vt -16.2728 9.25667
v 226.147 32.3519 -8.29587
vt -15.7663 7.88021
vt -15.2412 6.63057
vt -15.0472 6.66145
vt -15.5888 7.95014
v 227.54 33.9189 -7.96007
vt -16.0923 9.31849
v 228.904 35.433 -7.45488
vt -16.5333 10.7082
v 230.277 36.9673 -7.04218
vt -16.911 12.1165
vt -17.1555 13.2273
v 231.655 38.5187 -6.72281
vt -17.2245 13.5404
v 233.036 40.0839 -6.49745
vt -17.4733 14.9771
v 234.417 41.6598 -6.36653
vt -17.6567 16.4235
v 235.795 43.2431 -6.33034
vt -17.7746 17.8768
v 237.168 44.8306 -6.38895
vt -17.8265 19.3339
vt -17.8124 20.7919
vt -17.7452 22.0142
f 759/1961/344 760/1962/344 761/1963/344 762/1964/344 763/1965/344 764/1966/344 765/1967/344 687/1968/344 766/1969/344 767/1970/344 768/1971/344 769/1972/344 615/1973/344 617/1974/344 734/1975/344 770/1976/344 771/1977/344 772/1978/344 677/1979/344 773/1980/344 774/1981/344 775/1982/344 776/1983/344 777/1984/344 758/1985/344 757/1986/344 

vt -6.63919 32.4008
vn 0.132532 0.0415285 0.990308
vt -6.88443 32.1175
vn 0.117916 0.0244226 0.992723
vt -6.14024 31.4733
vt -5.38348 32.3476
vt -5.3994 32.3485
f 756/1987/345 755/1988/346 760/1989/346 759/1990/345 182/1991/345 

vt -7.31445 31.642
vn 0.0885036 -0.00982366 0.996027
vt -6.56979 30.9984
vt -5.61072 32.108
vt -6.35538 32.7516
f 754/1992/347 761/1993/347 760/1994/346 755/1995/346 

vt -7.73854 31.1431
vn 0.0589015 -0.0440556 0.997291
vt -6.99406 30.4993
vt -6.03467 31.6086
vt -6.77915 32.2524
f 753/1996/348 762/1997/348 761/1998/347 754/1999/347 

vt -8.15758 30.6229
vn 0.0291786 -0.0781972 0.996511
vt -7.41395 29.9781
vt -6.45311 31.0862
vt -7.19675 31.731
f 752/2000/349 763/2001/349 762/2002/348 753/2003/348 

vt -8.57216 30.0841
vn -0.000604046 -0.112178 0.993688
vt -7.83003 29.4375
vt -6.86661 30.5434
vt -7.60874 31.1899
f 751/2004/350 764/2005/350 763/2006/349 752/2007/349 

vt -8.98275 29.5292
vn -0.0303855 -0.14593 0.988828
vt -8.44716 29.0594
vt -8.2428 28.8801
vt -7.27567 29.9828
vt -8.01562 30.6318
vt -8.44497 30.1423
vn -0.0154987 -0.129087 0.991512
f 750/2008/351 693/2009/351 765/2010/351 764/2011/350 751/2012/350 650/2013/352 

vt -9.38981 28.9611
vn -0.0601046 -0.179382 0.981942
vt -8.65274 28.3088
vt -7.8874 29.1737
vn -0.0452566 -0.162698 0.985638
vt -7.68075 29.4072
vt -7.88431 29.5873
vt -8.41782 30.0595
f 749/2014/353 766/2015/353 687/2016/354 765/2017/351 693/2018/351 750/2019/351 

vt -9.79371 28.383
vn -0.0897006 -0.212467 0.973042
vt -9.06023 27.7267
vt -8.08222 28.8197
vt -8.81571 29.476
f 748/2020/355 767/2021/355 766/2022/353 749/2023/353 

vt -10.1948 27.7982
vn -0.119113 -0.245116 0.962149
vt -9.46561 27.137
vt -8.48042 28.2236
vt -9.20957 28.8847
f 747/2024/356 768/2025/356 767/2026/355 748/2027/355 

vt -10.5931 27.21
vn -0.148281 -0.277263 0.949283
vt -9.86913 26.5433
vt -8.87558 27.6222
vt -9.5996 28.2889
f 746/2028/357 769/2029/357 768/2030/356 747/2031/356 

vt -10.1949 26.0302
vn -0.162754 -0.293127 0.942119
vt -9.26785 27.0191
vt -9.98591 27.6923
vt -10.989 26.6223
vn -0.177145 -0.308841 0.934472
vt -10.3611 26.0337
f 615/2032/358 769/2033/357 746/2034/357 745/2035/359 614/2036/359 

vt -9.74658 26.5038
vt -10.3685 27.0987
vt -10.9102 26.5325
vn -0.191444 -0.324397 0.926345
f 614/2037/359 745/2038/359 612/2039/360

vn -4.51345e-17 0.992901 0.118942
f 723/1756/361 612/1485/361 614/1488/361 615/1489/361 617/1491/361 724/1758/361 

f 723/1756/255 604/1486/255 612/1485/255

v 222.46 30.4554 -9.91534
vt 14.3988 5.28877
v 222.407 30.3662 -9.66086
vt 14.5711 5.20697
f 723/1941/341 778/2040/341 779/2041/341 612/1942/341 

vt 9.86621 26.5465
vt 10.5902 27.2132
vt 9.60253 28.2857
vn 0.119113 0.245116 -0.962149
vt 8.87851 27.619
f 734/2042/338 733/2043/338 744/2044/362 770/2045/362 

vt 9.46271 27.1402
vt 10.1919 27.8014
vt 9.21247 28.8815
vn 0.0897006 0.212467 -0.973042
vt 8.48333 28.2204
f 770/2046/362 744/2047/362 743/2048/363 771/2049/363 

vt 9.05735 27.7299
vt 9.79083 28.3863
vt 8.81859 29.4728
vn 0.0601046 0.179382 -0.981942
vt 8.0851 28.8165
f 771/2050/363 743/2051/363 742/2052/364 772/2053/364 

vt 8.64988 28.3121
vt 9.38695 28.9644
vt 8.42068 30.0562
vn 0.0303855 0.14593 -0.988828
vt 7.89294 29.5892
vt 7.68361 29.404
vt 7.89611 29.1638
vn 0.0452566 0.162698 -0.985638
f 772/2054/364 742/2055/364 741/2056/365 697/2057/365 773/2058/365 677/2059/366 

vt 8.23996 28.8834
vt 8.4501 29.0677
vt 8.9799 29.5324
vt 8.44794 30.1389
vn 0.0154987 0.129087 -0.991512
vt 8.01847 30.6285
vn 0.000604046 0.112178 -0.993688
vt 7.27852 29.9795
f 773/2060/365 697/2061/365 741/2062/365 663/2063/367 740/2064/368 774/2065/368 

vt 7.82719 29.4408
vt 8.56932 30.0873
vt 7.61158 31.1867
vn -0.0291786 0.0781972 -0.996511
vt 6.86945 30.5401
f 774/2066/368 740/2067/368 739/2068/369 775/2069/369 

vt 7.41112 29.9814
vt 8.15476 30.6262
vt 7.19958 31.7278
vn -0.0589015 0.0440556 -0.997291
vt 6.45594 31.083
f 775/2070/369 739/2071/369 738/2072/370 776/2073/370 

vt 6.99124 30.5025
vt 7.73571 31.1463
vt 6.78197 32.2492
vn -0.0885036 0.00982366 -0.996027
vt 6.0375 31.6054
f 776/2074/370 738/2075/370 737/2076/371 777/2077/371 

vt 6.56697 31.0016
vt 7.31163 31.6452
vt 6.35821 32.7484
vt 5.61355 32.1047
f 777/2078/371 737/2079/371 736/2080/343 758/2081/343 

vt -6.73987 25.9518
vt -7.36179 25.3568
vt -6.19813 25.3855
vn 0.191444 -0.324397 0.926345
f 656/2082/274 694/2083/274 641/2084/372

vt 14.7192 14.2126
vt 14.7192 16.7717
vn 2.15086e-13 1.66595e-14 -1
f 508/1836/246 500/2085/246 334/2086/373 333/1837/373 

v 239.686 20.4661 -30.8551
f 395/754/242 780/757/242 459/1836/242 396/1837/242 

vn -1 3.29419e-30 1.48736e-15
vt 2.3622 16.7717
v 239.686 20.4661 -29.4378
vt 2.3622 14.2126
vt 1.37795 14.2126
vt 1.37795 16.7717
v 239.686 22.1378 -31.1339
v 239.686 20.1244 -31.1386
v 239.686 18.111 -31.1528
v 239.686 16.0977 -31.1764
v 239.686 14.0846 -31.2095
v 239.686 12.0716 -31.252
v 239.686 10.0589 -31.304
v 239.686 8.04637 -31.3654
v 239.686 6.0342 -31.4363
v 239.686 4.02239 -31.5166
v 239.686 2.01097 -31.6063
v 239.686 3.50325e-46 -31.7055
vt 0.787402 -8.54004e-30
v 239.686 3.50325e-46 -30.0047
vt 1.9685 -8.54004e-30
v 239.686 2.00026 -29.7234
v 239.686 4.00368 -29.4657
v 239.686 6.01 -29.2316
v 239.686 8.01894 -29.0211
v 239.686 10.0302 -28.8343
v 239.686 12.0436 -28.6711
v 239.686 14.0587 -28.5317
v 239.686 16.0753 -28.4159
v 239.686 18.0931 -28.3239
v 239.686 20.1119 -28.2557
v 239.686 22.1314 -28.2112
f 339/1072/374 338/2087/374 781/2088/374 780/2089/374 395/2090/374 394/1129/374 782/1130/374 783/1131/374 784/1132/374 785/1133/374 786/1134/374 787/1135/374 788/1136/374 789/1137/374 790/1138/374 791/1139/374 792/1140/374 793/2091/374 794/2092/374 795/1143/374 796/1144/374 797/1145/374 798/1146/374 799/1147/374 800/1148/374 801/1149/374 802/1150/374 803/1151/374 804/1152/374 805/1073/374 

f 781/997/321 338/874/321 337/775/321 460/1405/321 

f 780/830/159 781/763/159 460/762/159 459/831/159 

vt 1.64834 16.7688
v 241.556 22.1378 -31.1339
vt 1.64834 15.3706
vt 2.94755 15.3706
vt 2.94755 16.7688
f 393/2093/214 806/2094/215 782/2095/215 394/2096/214 

v 241.556 3.50325e-46 -30.0047
vt -1.9685 1.16975e-30
v 241.556 3.50325e-46 -31.7055
vt -0.787402 1.16975e-30
v 241.556 2.01097 -31.6063
v 241.556 4.02239 -31.5166
v 241.556 6.0342 -31.4363
v 241.556 8.04637 -31.3654
v 241.556 10.0589 -31.304
v 241.556 12.0716 -31.252
v 241.556 14.0846 -31.2095
v 241.556 16.0977 -31.1764
v 241.556 18.111 -31.1528
v 241.556 20.1244 -31.1386
v 241.556 22.1314 -28.2112
v 241.556 20.1119 -28.2557
v 241.556 18.0931 -28.3239
v 241.556 16.0753 -28.4159
v 241.556 14.0587 -28.5317
v 241.556 12.0436 -28.6711
v 241.556 10.0302 -28.8343
v 241.556 8.01894 -29.0211
v 241.556 6.01 -29.2316
v 241.556 4.00368 -29.4657
v 241.556 2.00026 -29.7234
f 807/2097/241 808/2098/241 809/1097/241 810/1098/241 811/1099/241 812/1100/241 813/1101/241 814/1102/241 815/1103/241 816/1104/241 817/1105/241 818/1106/241 806/1107/241 393/1108/241 392/1113/241 819/1114/241 820/1115/241 821/1116/241 822/1117/241 823/1118/241 824/1119/241 825/1120/241 826/1121/241 827/1122/241 828/1123/241 829/1124/241 

vt -2.94755 1.9685
vt -2.94755 0.787402
vt -1.64834 0.787402
vt -1.64834 1.9685
f 794/2099/159 793/2100/159 808/2101/159 807/2102/159 

vt 1.64834 1.437
vt 1.64834 0.0387895
vt 2.94755 0.0387895
vt 2.94755 1.437
f 809/2103/225 808/2104/226 793/2105/226 792/2106/225 

vt 1.64834 2.8315
vt 1.64834 1.43329
vt 2.94755 1.43329
vt 2.94755 2.8315
f 810/2107/224 809/2108/225 792/2109/225 791/2110/224 

vt 1.64834 4.22595
vt 1.64834 2.82774
vt 2.94755 2.82774
vt 2.94755 4.22595
f 811/2111/223 810/2112/224 791/2113/224 790/2114/223 

vt 1.64834 5.62032
vt 1.64834 4.22212
vt 2.94755 4.22212
vt 2.94755 5.62032
f 812/2115/222 811/2116/223 790/2117/223 789/2118/222 

vt 1.64834 7.01459
vt 1.64834 5.61638
vt 2.94755 5.61638
vt 2.94755 7.01459
f 813/2119/221 812/2120/222 789/2121/222 788/2122/221 

vt 1.64834 8.40872
vt 1.64834 7.01051
vt 2.94755 7.01051
vt 2.94755 8.40872
f 814/2123/220 813/2124/221 788/2125/221 787/2126/220 

vt 1.64834 9.80267
vt 1.64834 8.40447
vt 2.94755 8.40447
vt 2.94755 9.80267
f 815/2127/219 814/2128/220 787/2129/220 786/2130/219 

vt 1.64834 11.1964
vt 1.64834 9.79822
vt 2.94755 9.79822
vt 2.94755 11.1964
f 816/2131/218 815/2132/219 786/2133/219 785/2134/218 

vt 1.64834 12.59
vt 1.64834 11.1918
vt 2.94755 11.1918
vt 2.94755 12.59
f 817/2135/217 816/2136/218 785/2137/218 784/2138/217 

vt 1.64834 13.9832
vt 1.64834 12.585
vt 2.94755 12.585
vt 2.94755 13.9832
f 818/2139/216 817/2140/217 784/2141/217 783/2142/216 

vt 1.64834 15.3762
vt 1.64834 13.978
vt 2.94755 13.978
vt 2.94755 15.3762
f 806/2143/215 818/2144/216 783/2145/216 782/2146/215 

vt -1.64834 0.274117
vt -1.64834 1.67685
vt -2.94755 1.67685
vt -2.94755 0.274117
f 807/2147/227 829/2148/228 795/2149/228 794/2150/227 

vt -1.64834 1.65379
vt -1.64834 3.05653
vt -2.94755 3.05653
vt -2.94755 1.65379
f 829/2151/228 828/2152/229 796/2153/229 795/2154/228 

vt -1.64834 3.03314
vt -1.64834 4.43588
vt -2.94755 4.43588
vt -2.94755 3.03314
f 828/2155/229 827/2156/230 797/2157/230 796/2158/229 

vt -1.64834 4.41197
vt -1.64834 5.81471
vt -2.94755 5.81471
vt -2.94755 4.41197
f 827/2159/230 826/2160/231 798/2161/231 797/2162/230 

vt -1.64834 5.7901
vt -1.64834 7.19283
vt -2.94755 7.19283
vt -2.94755 5.7901
f 826/2163/231 825/2164/232 799/2165/232 798/2166/231 

vt -1.64834 7.16732
vt -1.64834 8.57006
vt -2.94755 8.57006
vt -2.94755 7.16732
f 825/2167/232 824/2168/233 800/2169/233 799/2170/232 

vt -1.64834 8.54346
vt -1.64834 9.94619
vt -2.94755 9.94619
vt -2.94755 8.54346
f 824/2171/233 823/2172/234 801/2173/234 800/2174/233 

vt -1.64834 9.91831
vt -1.64834 11.321
vt -2.94755 11.321
vt -2.94755 9.91831
f 823/2175/234 822/2176/235 802/2177/235 801/2178/234 

vt -1.64834 11.2917
vt -1.64834 12.6944
vt -2.94755 12.6944
vt -2.94755 11.2917
f 822/2179/235 821/2180/236 803/2181/236 802/2182/235 

vt -1.64834 12.6634
vt -1.64834 14.0662
vt -2.94755 14.0662
vt -2.94755 12.6634
f 821/2183/236 820/2184/237 804/2185/237 803/2186/236 

vt -1.64834 15.436
v 241.273 22.1314 -28.2112
vt -1.84519 15.436
vt -1.84519 14.2793
vt -2.82944 14.2793
vt -2.82944 15.436
vt -2.94755 15.436
vt -2.94755 14.0333
vt -1.64834 14.0333
f 819/2187/238 830/2188/238 444/2189/239 443/2190/239 445/2191/238 805/2192/238 804/2193/237 820/2194/237 

vt -1.64834 16.8039
vt -1.84519 16.8039
vt -1.84519 15.4011
vt -1.64834 15.4011
f 392/2195/240 391/2196/240 830/2197/238 819/2198/238 

f 435/694/241 444/1253/241 830/1114/241 391/1113/241 390/695/241 

vt -2.94755 15.4011
vt -2.82944 15.4011
vt -2.82944 16.8039
vt -2.94755 16.8039
f 805/2199/238 445/2200/238 340/2201/240 339/2202/240 

vt -15.1267 16.7717
vn 0.977079 1.96455e-28 0.212876
vt -13.9787 16.7717
vn 0.979022 9.82437e-29 0.203754
vt -13.9787 17.4803
vt -15.1267 17.4803
f 389/2203/375 434/2204/376 370/2205/376 369/2206/375 

vt -14.0059 16.7717
vt -12.8579 16.7717
vn 0.982652 2.39877e-32 0.185457
vt -12.8579 17.4803
vt -14.0059 17.4803
f 434/2207/376 433/2208/377 371/2209/377 370/2210/376 

vt -12.8804 16.7717
vt -11.7324 16.7717
vn 0.985941 2.36036e-32 0.167096
vt -11.7324 17.4803
vt -12.8804 17.4803
f 433/2211/377 432/2212/378 372/2213/378 371/2214/377 

vt -11.7506 16.7717
vt -10.6026 16.7717
vn 0.988886 2.32114e-32 0.148676
vt -10.6026 17.4803
vt -11.7506 17.4803
f 432/2215/378 431/2216/379 373/2217/379 372/2218/378 

vt -10.617 16.7717
vt -9.469 16.7717
vn 0.991487 2.2811e-32 0.130205
vt -9.469 17.4803
vt -10.617 17.4803
f 431/2219/379 430/2220/380 374/2221/380 373/2222/379 

vt -9.47986 16.7717
vt -8.33186 16.7717
vn 0.993743 2.24028e-32 0.111689
vt -8.33186 17.4803
vt -9.47986 17.4803
f 430/2223/380 429/2224/381 375/2225/381 374/2226/380 

vt -8.33962 16.7717
vt -7.19162 16.7717
vn 0.995654 2.19867e-32 0.0931334
vt -7.19162 17.4803
vt -8.33962 17.4803
f 429/2227/381 428/2228/382 376/2229/382 375/2230/381 

vt -7.19668 16.7717
vt -6.04868 16.7717
vn 0.997218 2.1563e-32 0.0745456
vt -6.04868 17.4803
vt -7.19668 17.4803
f 428/2231/382 427/2232/383 377/2233/383 376/2234/382 

vt -6.05144 16.7717
vt -4.90344 16.7717
vn 0.998435 2.11318e-32 0.0559319
vt -4.90344 17.4803
vt -6.05144 17.4803
f 427/2235/383 426/2236/384 378/2237/384 377/2238/383 

vt -4.90429 16.7717
vt -3.75629 16.7717
vn 0.999304 2.06932e-32 0.0372988
vt -3.75629 17.4803
vt -4.90429 17.4803
f 426/2239/384 425/2240/385 379/2241/385 378/2242/384 

vt -3.75563 16.7717
vt -2.60763 16.7717
vn 0.999826 2.02474e-32 0.0186526
vt -2.60763 17.4803
vt -3.75563 17.4803
f 425/2243/385 424/2244/386 380/2245/386 379/2246/385 

vt -2.60586 16.7717
vt -1.45787 16.7717
vn 0.998153 1.82721e-32 -0.060749
vt -1.45787 17.4803
vt -2.60586 17.4803
f 424/2247/386 423/2248/387 381/2249/387 380/2250/386 

vt -1.42692 16.7717
vt -1.04665 16.7717
vn 0.965926 1.27892e-32 -0.258819
vt -1.04665 17.4803
vt -1.42692 17.4803
f 423/2251/387 422/2252/388 382/2253/388 381/2254/387 

vt -0.927753 16.7717
vt -0.54748 16.7717
vn 0.866025 4.91216e-33 -0.5
vt -0.54748 17.4803
vt -0.927753 17.4803
f 422/2255/388 421/2256/389 383/2257/389 382/2258/388 

vt -0.378315 16.7717
vt 0.00195823 16.7717
vn 0.707107 -3.29961e-33 -0.707107
vt 0.00195823 17.4803
vt -0.378315 17.4803
f 421/2259/389 420/2260/390 384/2261/390 383/2262/389 

vt 0.183947 16.7717
vt 0.564221 16.7717
vn 0.5 -1.12865e-32 -0.866025
vt 0.564221 17.4803
vt 0.183947 17.4803
f 420/2263/390 419/2264/391 385/2265/391 384/2266/390 

vt 0.720717 16.7717
vt 1.10099 16.7717
vn 0.258819 -1.85043e-32 -0.965926
vt 1.10099 17.4803
vt 0.720717 17.4803
f 419/2267/391 418/2268/392 386/2269/392 385/2270/391 

vt 1.19541 16.7717
vt 1.57569 16.7717
vt 1.57569 17.4803
vt 1.19541 17.4803
f 418/2271/392 387/2272/161 346/2273/161 386/2274/392 

vt 10.2597 16.7717
vn -0.979022 9.82243e-29 0.203754
vt 11.4077 16.7717
vn -0.977079 1.96455e-28 0.212876
vt 11.4077 17.4803
vt 10.2597 17.4803
f 401/2275/393 344/2276/394 343/2277/394 364/2278/393 

vt 9.45799 16.7717
vn -0.982652 -1.49148e-32 0.185457
vt 10.606 16.7717
vt 10.606 17.4803
vt 9.45799 17.4803
f 402/2279/395 401/2280/393 364/2281/393 363/2282/395 

vt 8.65273 16.7717
vn -0.985941 -1.5429e-32 0.167096
vt 9.80073 16.7717
vt 9.80073 17.4803
vt 8.65273 17.4803
f 403/2283/396 402/2284/395 363/2285/395 362/2286/396 

vt 7.84427 16.7717
vn -0.988886 -1.59378e-32 0.148676
vt 8.99227 16.7717
vt 8.99227 17.4803
vt 7.84427 17.4803
f 404/2287/397 403/2288/396 362/2289/396 361/2290/397 

vt 7.03288 16.7717
vn -0.991487 -1.64412e-32 0.130205
vt 8.18087 16.7717
vt 8.18087 17.4803
vt 7.03288 17.4803
f 405/2291/398 404/2292/397 361/2293/397 360/2294/398 

vt 6.21884 16.7717
vn -0.993743 -1.69387e-32 0.111689
vt 7.36684 16.7717
vt 7.36684 17.4803
vt 6.21884 17.4803
f 406/2295/399 405/2296/398 360/2297/398 359/2298/399 

vt 5.40243 16.7717
vn -0.995654 -1.74304e-32 0.0931334
vt 6.55043 16.7717
vt 6.55043 17.4803
vt 5.40243 17.4803
f 407/2299/400 406/2300/399 359/2301/399 358/2302/400 

vt 4.58395 16.7717
vn -0.997218 -1.79161e-32 0.0745456
vt 5.73195 16.7717
vt 5.73195 17.4803
vt 4.58395 17.4803
f 408/2303/401 407/2304/400 358/2305/400 357/2306/401 

vt 3.76367 16.7717
vn -0.998435 -1.83955e-32 0.0559319
vt 4.91167 16.7717
vt 4.91167 17.4803
vt 3.76367 17.4803
f 409/2307/402 408/2308/401 357/2309/401 356/2310/402 

vt 2.94189 16.7717
vn -0.999304 -1.88685e-32 0.0372988
vt 4.08988 16.7717
vt 4.08988 17.4803
vt 2.94189 17.4803
f 410/2311/403 409/2312/402 356/2313/402 355/2314/403 

vt 2.11888 16.7717
vn -0.999826 -1.93349e-32 0.0186526
vt 3.26687 16.7717
vt 3.26687 17.4803
vt 2.11888 17.4803
f 411/2315/404 410/2316/403 355/2317/403 354/2318/404 

vt 1.29493 16.7717
vn -0.998153 -2.1244e-32 -0.060749
vt 2.44293 16.7717
vt 2.44293 17.4803
vt 1.29493 17.4803
f 412/2319/405 411/2320/404 354/2321/404 353/2322/405 

vt 3.32693 16.7717
vn -0.965926 -2.54511e-32 -0.258819
vt 3.7072 16.7717
vt 3.7072 17.4803
vt 3.32693 17.4803
f 413/2323/406 412/2324/405 353/2325/405 352/2326/406 

vt 7.23292 16.7717
vn -0.866025 -2.93731e-32 -0.5
vt 7.6132 16.7717
vt 7.6132 17.4803
vt 7.23292 17.4803
f 414/2327/407 413/2328/406 352/2329/406 351/2330/407 

vt 10.633 16.7717
vn -0.707107 -3.12934e-32 -0.707107
vt 11.0133 16.7717
vt 11.0133 17.4803
vt 10.633 17.4803
f 415/2331/408 414/2332/407 351/2333/407 350/2334/408 

vt 13.2956 16.7717
vn -0.5 -3.10811e-32 -0.866025
vt 13.6759 16.7717
vt 13.6759 17.4803
vt 13.2956 17.4803
f 416/2335/409 415/2336/408 350/2337/408 349/2338/409 

vt 15.0391 16.7717
vn -0.258819 -2.87507e-32 -0.965926
vt 15.4194 16.7717
vt 15.4194 17.4803
vt 15.0391 17.4803
f 417/2339/410 416/2340/409 349/2341/409 348/2342/410 

vt 15.7448 16.7717
vt 16.125 16.7717
vt 16.125 17.4803
vt 15.7448 17.4803
f 388/2343/162 417/2344/410 348/2345/410 347/2346/162 

vt -6.35126 -12.9346
vt -7.04124 -12.9346
vn -0.171247 0.964683 0.200155
vt -7.04124 -13.6457
vt -6.32267 -13.6457
f 157/2347/142 156/2348/411 141/2349/411 140/2350/142 

vt 4.45127 -13.0206
vn -0.341029 0.933878 0.107566
vt 4.63507 -12.9286
vt 4.32071 -12.2907
vt 4.13691 -12.3828
f 142/2351/412 141/2352/411 156/2353/411 155/2354/412 

vt 16.3421 -0.372927
vn -0.546055 0.837468 -0.021697
vt 16.4559 -0.201743
vt 15.8712 0.202883
vt 15.7574 0.0316991
f 143/2355/413 142/2356/412 155/2357/412 154/2358/413 

vt 20.1542 12.1
vn -0.714002 0.683986 -0.149547
vt 20.2305 12.2909
vt 19.5784 12.5745
vt 19.5021 12.3836
f 144/2359/414 143/2360/413 154/2361/413 153/2362/414 

vt 21.8135 22.2089
vn -0.833373 0.48379 -0.267277
vt 21.871 22.4063
vt 21.1964 22.6313
vt 21.1389 22.4339
f 145/2363/415 144/2364/414 153/2365/414 152/2366/415 

vt 22.7532 29.7844
vn -0.895934 0.250481 -0.366826
vt 22.8009 29.9843
vt 22.1173 30.1801
vt 22.0696 29.9802
f 146/2367/416 145/2368/415 152/2369/415 151/2370/416 

vt 23.3886 34.5775
vt 23.432 34.7785
vt 22.7449 34.9618
vt 22.7016 34.7608
f 135/2371/93 146/2372/416 151/2373/416 147/2374/93 

g Mesh4 table1 Model

usemtl FrontColor
v 1.0508 1.0508 -2.1875
vt 1.0508 1.0508
vn 0 0 1
v 207.699 1.0508 -2.1875
vt 207.699 1.0508
v 207.699 28.5586 -2.1875
vt 207.699 28.5586
v 156.037 14.8047 -2.1875
vt 156.037 14.8047
v 52.7129 14.8047 -2.1875
vt 52.7129 14.8047
v 1.0508 28.5586 -2.1875
vt 1.0508 28.5586
f 831/2375/417 832/2376/417 833/2377/417 834/2378/417 835/2379/417 836/2380/417 

vt -207.699 0
vt -1.0508 0
v 1.0508 1.0508 -32.5625
vt -1.0508 30.375
v 207.699 1.0508 -32.5625
vt -207.699 30.375
f 832/2381/3 831/2382/3 837/2383/3 838/2384/3 

v 0 0 -2.1875
f 831/2375/417 839/6/417 832/2376/417

v 0 29.6094 -2.1875
vt 0 29.6094
f 839/6/417 831/2375/417 840/2385/417

f 840/2385/417 831/2375/417 836/2380/417

vt 0 1.0508
vn -1 0 -0
vt 0 28.5586
v 1.0508 28.5586 -32.5625
vt -30.375 28.5586
vt -30.375 1.0508
f 831/2386/418 836/2387/418 841/2388/418 837/2389/418 

vt 0 6.33175
vn 0.257267 0.96634 -0
vt 0 -47.1299
v 52.7129 14.8047 -32.5625
vt 30.375 -47.1299
vt 30.375 6.33175
f 836/2390/419 835/2391/419 842/2392/419 841/2393/419 

v 52.8563 15.9004 -2.1875
vt 52.8563 15.9004
f 835/2379/417 843/2394/417 836/2380/417

v 155.894 15.9004 -2.1875
vt 155.894 15.9004
f 843/2394/417 835/2379/417 844/2395/417

f 834/2378/417 844/2395/417 835/2379/417

f 844/2395/417 834/2378/417 833/2377/417

vt 0 154.594
vn -0.257267 0.96634 -0
vt 0 208.055
v 207.699 28.5586 -32.5625
vt -30.375 208.055
v 156.037 14.8047 -32.5625
vt -30.375 154.594
f 834/2396/420 833/2397/420 845/2398/420 846/2399/420 

vn 1 0 -0
vt 30.375 1.0508
vt 30.375 28.5586
f 833/2387/421 832/2386/421 838/2400/421 845/2401/421 

v 208.75 29.6094 -2.1875
vt 208.75 29.6094
f 832/2376/417 847/2402/417 833/2377/417

v 208.75 0 -2.1875
vt 208.75 0
f 832/2376/417 848/2403/417 847/2402/417

f 848/2403/417 832/2376/417 839/6/417

v 208.75 0 -32.5625
vt 208.75 30.375
v 0 0 -32.5625
vt 0 30.375
f 839/6/6 848/2403/6 849/2404/6 850/2405/6 

v 208.75 29.6094 -32.5625
vt -30.375 29.6094
vt -30.375 0
f 848/6/418 847/2385/418 851/2406/418 849/2407/418 

vt -208.75 30.375
vt -208.75 0
v 0 29.6094 -32.5625
f 851/2408/3 847/2409/3 840/6/3 852/2405/3 

v 203.44 28.5586 -2.1875
vt 203.44 28.5586
f 840/2385/417 853/2410/417 847/2402/417

f 840/2385/417 836/2380/417 853/2410/417

v 5.31001 28.5586 -2.1875
vt 5.31001 28.5586
f 836/2380/417 854/2411/417 853/2410/417

f 836/2380/417 843/2394/417 854/2411/417

f 844/2395/417 853/2410/417 854/2411/417 843/2394/417 

vt 0 203.939
vn 0.257267 -0.96634 -0
vt 0 154.737
v 155.894 15.9004 -32.5625
vt 30.375 154.737
v 203.44 28.5586 -32.5625
vt 30.375 203.939
f 853/2412/422 844/2413/422 855/2414/422 856/2415/422 

f 844/2395/417 833/2377/417 853/2410/417

f 833/2377/417 847/2402/417 853/2410/417

vt -155.894 0
vt -52.8563 0
v 52.8563 15.9004 -32.5625
vt -52.8563 30.375
vt -155.894 30.375
f 844/2416/3 843/2417/3 857/2418/3 855/2419/3 

vt 0 -46.9865
vn -0.257267 -0.96634 -0
vt 0 2.2159
v 5.31001 28.5586 -32.5625
vt -30.375 2.2159
vt -30.375 -46.9865
f 843/2420/423 854/2421/423 858/2422/423 857/2423/423 

vt 203.44 0
vn -5.37937e-17 1 -0
vt 203.44 30.375
vt 5.31001 30.375
vt 5.31001 0
f 853/2424/424 856/2425/424 858/2426/424 854/2427/424 

f 856/2410/417 841/2380/417 858/2411/417

f 852/2385/417 841/2380/417 856/2410/417

f 852/2385/417 837/2375/417 841/2380/417

f 850/6/417 837/2375/417 852/2385/417

f 837/2375/417 850/6/417 838/2376/417

f 849/2403/417 838/2376/417 850/6/417

f 838/2376/417 849/2403/417 851/2402/417

f 838/2376/417 851/2402/417 845/2377/417

f 845/2377/417 851/2402/417 856/2410/417

f 852/2385/417 856/2410/417 851/2402/417

f 857/2394/417 858/2411/417 841/2380/417 842/2379/417 846/2378/417 845/2377/417 856/2410/417 855/2395/417 

vt 52.7129 0
vt 156.037 0
vt 156.037 30.375
vt 52.7129 30.375
f 835/2428/6 834/2429/6 846/2430/6 842/2431/6 

vt 30.375 0
vt 30.375 29.6094
f 840/2385/421 839/6/421 850/2432/421 852/2433/421 

g Mesh5 light1 Model

v 71.6975 57.4848 -0
vt 0 1.77231
v 71.6975 91.7808 -0
vt 0 36.0683
v 71.6975 91.7808 -0.6875
vt -0.6875 36.0683
v 71.6975 57.4848 -0.6875
vt -0.6875 1.77231
f 859/2434/418 860/2435/418 861/2436/418 862/2437/418 

vt 1.77231 0
v 137.295 91.7808 -0
vt 67.3696 0
v 137.295 91.7808 -0.6875
vt 67.3696 0.6875
vt 1.77231 0.6875
f 860/2438/6 863/2439/6 864/2440/6 861/2441/6 

v 137.295 57.4848 -0
v 137.295 57.4848 -0.6875
vt 0.6875 1.77231
vt 0.6875 36.0683
f 863/2435/421 865/2434/421 866/2442/421 864/2443/421 

vt -67.3696 0
vt -1.77231 0
vt -1.77231 0.6875
vt -67.3696 0.6875
f 865/2444/3 859/2445/3 862/2446/3 866/2447/3 

vt 1.77231 1.77231
v 69.9252 55.7125 -0.6875
vt 67.3696 1.77231
f 862/2448/417 867/6/417 866/2449/417

v 69.9252 93.5531 -0.6875
vt 0 37.8406
f 867/6/417 862/2448/417 868/2450/417

vt 1.77231 36.0683
f 868/2450/417 862/2448/417 861/2451/417

v 139.067 93.5531 -0.6875
vt 69.142 37.8406
f 868/2450/417 861/2451/417 869/2452/417

vt 67.3696 36.0683
f 864/2453/417 869/2452/417 861/2451/417

f 866/2449/417 869/2452/417 864/2453/417

v 139.067 55.7125 -0.6875
vt 69.142 0
f 866/2449/417 870/2454/417 869/2452/417

f 870/2454/417 866/2449/417 867/6/417

v 69.9252 55.7125 -0
v 139.067 55.7125 -0
vt 69.142 0.6875
vt 0 0.6875
f 871/6/6 872/2454/6 870/2455/6 867/2456/6 

v 139.067 93.5531 -0
vt -0.6875 37.8406
vt -0.6875 0
f 872/6/418 873/2450/418 869/2457/418 870/2458/418 

vt -69.142 0
v 69.9252 93.5531 -0
vt -69.142 0.6875
f 873/2459/3 874/6/3 868/2456/3 869/2460/3 

vt 0.6875 0
vt 0.6875 37.8406
f 874/2450/421 871/6/421 867/2461/421 868/2462/421 

g Mesh6 wall1 Model

usemtl M_0060_GrassGreen
v -85.4375 127.813 -0
vt -1.3125 127.813
vn 0 0 -1
v 294.188 127.813 -0
vt -380.938 127.813
v 294.188 0 -0
vt -380.938 0
v -85.4375 0 -0
vt -1.3125 0
f 875/2463/425 876/2464/425 877/2465/425 878/2466/425 

vt 380.938 2.625
v -85.4375 127.813 2.625
vt 1.3125 0
v 294.188 127.813 2.625
vt 380.938 0
f 876/2467/6 875/377/6 879/2468/6 880/2469/6 

vt -2.625 127.813
vt -2.625 0
v -85.4375 0 2.625
vt 0 127.813
f 875/2470/418 878/2471/418 881/6/418 879/2472/418 

usemtl FrontColor
vt -380.938 2.625
v 294.188 0 2.625
f 878/370/3 877/2473/3 882/2465/3 881/2466/3 

usemtl M_0060_GrassGreen
vt 2.625 0
vt 2.625 127.813
f 877/2474/421 876/2475/421 880/2472/421 882/6/421 

vt 380.938 127.813
vt 1.3125 127.813
f 880/2476/417 879/2477/417 881/2468/417 882/2469/417 

g Mesh7 floor1 Model

usemtl M_0022_Maroon
v 294.188 -1.1875 -393.813
vt -379.625 393.813
v 294.188 -1.1875 -0
vt -379.625 0
v -85.4375 -1.1875 -0
v -85.4375 -1.1875 -393.813
vt 0 393.813
f 883/2478/3 884/2479/3 885/6/3 886/2480/3 

v 294.188 0 -393.813
vt 393.813 1.1875
vt 0 1.1875
vt 393.813 0
f 887/2481/421 877/2482/421 884/6/421 883/2483/421 

vt 379.625 0
vt 379.625 393.813
v -85.4375 0 -393.813
f 877/2484/6 887/2485/6 888/2480/6 878/6/6 

vt -379.625 1.1875
f 888/2482/425 887/2486/425 883/2479/425 886/6/425 

vt -393.813 1.1875
vt -393.813 0
f 878/2482/418 888/2487/418 886/2488/418 885/6/418 

vt 379.625 1.1875
f 877/2489/417 878/2482/417 885/6/417 884/2484/417 

